"","UNQ_NO","Search.Query"
"8",8,"서울 리미니"
"19",19,"서울 88로타리집"
"41",41,"서울 걸작떡볶이치킨"
"47",47,"서울 계경순대국"
"50",50,"서울 계절밥상"
"55",55,"서울 고래맥주창고"
"58",58,"서울 고봉민김밥인"
"61",61,"서울 고향반점"
"63",63,"서울 곱깨비"
"86",86,"서울 금복주류"
"88",88,"서울 기대만족"
"97",97,"서울 김사부의 곱창명가"
"98",98,"서울 김선생 불닭발"
"107",107,"서울 남다른감자탕"
"144",144,"서울 더진국 수육국밥"
"146",146,"서울 던킨"
"148",148,"서울 덮밥장사장"
"149",149,"서울 델리커리"
"173",173,"서울 두찜"
"175",175,"서울 드롭탑"
"183",183,"서울 떡군이네 떡볶이"
"184",184,"서울 떡볶이참잘하는집 떡참"
"190",190,"서울 라그릴리아"
"201",201,"서울 롤링파스타"
"202",202,"서울 롸버트치킨"
"206",206,"서울 리얼파스타"
"222",222,"서울 만복국수"
"224",224,"서울 말뚝곱창"
"225",225,"서울 맘스터치"
"238",238,"서울 멕시카나치킨"
"241",241,"서울 명가통닭"
"242",242,"서울 명동칼국수"
"247",247,"서울 명품키친"
"261",261,"서울 미스터보쌈5379"
"262",262,"서울 미스터빠삭"
"270",270,"서울 바다수퍼해물천하조개구이"
"277",277,"서울 반올림피자"
"281",281,"서울 밥풀릭스"
"282",282,"서울 밥플러스"
"290",290,"서울 백스비어"
"295",295,"서울 버거리"
"305",305,"서울 보나베띠"
"310",310,"서울 본가"
"341",341,"서울 사미반점"
"344",344,"서울 산동반점"
"353",353,"서울 새마을식당"
"366",366,"서울 서가앤쿡"
"367",367,"서울 서오릉피자"
"368",368,"서울 서울반점"
"375",375,"서울 소녀방앗간"
"392",392,"서울 순살만공격"
"394",394,"서울 쉐이크쉑"
"395",395,"서울 슈퍼커피"
"398",398,"서울 스시웨이"
"401",401,"서울 스테이크어스"
"429",429,"서울 아재커피"
"433",433,"서울 압구정 순대국"
"444",444,"서울 에머이"
"455",455,"서울 오구본가"
"461",461,"서울 오마뎅"
"462",462,"서울 오목집"
"476",476,"서울 온더보더"
"478",478,"서울 올스타피자"
"502",502,"서울 유가네닭갈비"
"517",517,"서울 이나닭강정"
"518",518,"서울 이남장"
"528",528,"서울 인생닭강정"
"529",529,"서울 인생설렁탕"
"547",547,"서울 제일반점"
"549",549,"서울 제주은희네해장국"
"560",560,"서울 중화가정"
"562",562,"서울 지랄닭발"
"571",571,"서울 짬뽕지존"
"573",573,"서울 찌마기"
"587",587,"서울 청년다방"
"588",588,"서울 청년떡볶이"
"591",591,"서울 청담동마녀김밥"
"621",621,"서울 커피온리"
"627",627,"서울 코코이찌방야"
"631",631,"서울 쿠우쿠우"
"633",633,"서울 큐큐면관"
"652",652,"서울 태리로제떡볶이&닭강정"
"653",653,"서울 태화반점"
"654",654,"서울 택이네조개전골"
"659",659,"서울 토마토김밥"
"662",662,"서울 투고샐러드"
"669",669,"서울 파스쿠찌"
"671",671,"서울 파스타집이야"
"675",675,"서울 팔각도"
"700",700,"서울 피자먹다"
"707",707,"서울 피자에땅"
"714",714,"서울 하노이별"
"723",723,"서울 한사리감자탕&뼈구이"
"735",735,"서울 해장쿡"
"746",746,"서울 호치킨"
"762",762,"서울 회장님댁"
"767",767,"서울 훅트포케"
"775",775,"부산 투뿔등심"
"779",779,"부산 리미니"
"791",791,"부산 88옛날통닭"
"805",805,"부산 강남교자"
"834",834,"부산 곱깨비"
"835",835,"부산 곱분이곱창"
"843",843,"부산 구도로통닭"
"845",845,"부산 구름계란덮밥"
"852",852,"부산 굽네치킨"
"867",867,"부산 김뿌라"
"875",875,"부산 나누다키친"
"876",876,"부산 난바우동"
"894",894,"부산 뉴욕야시장"
"900",900,"부산 달떡볶이"
"926",926,"부산 돈치킨"
"932",932,"부산 동궁찜닭"
"936",936,"부산 동아반점"
"955",955,"부산 떡볶이참잘하는집 떡참"
"956",956,"부산 또래오래"
"960",960,"부산 라공방"
"969",969,"부산 라화쿵부"
"973",973,"부산 롸버트치킨"
"977",977,"부산 리얼파스타"
"989",989,"부산 마왕족발"
"1008",1008,"부산 메콩타이"
"1011",1011,"부산 멘부리"
"1032",1032,"부산 미스터보쌈5379"
"1035",1035,"부산 미아리우동집"
"1044",1044,"부산 바스버거"
"1046",1046,"부산 바푸리포"
"1060",1060,"부산 백순대본가새맛"
"1080",1080,"부산 보승회관"
"1087",1087,"부산 봉구비어"
"1094",1094,"부산 부엉이돈가스"
"1102",1102,"부산 브롱스"
"1126",1126,"부산 샐러데이즈"
"1127",1127,"부산 샐러드박스"
"1140",1140,"부산 선비꼬마김밥"
"1142",1142,"부산 설빙"
"1160",1160,"부산 숙성회136"
"1162",1162,"부산 순대실록"
"1190",1190,"부산 아딸"
"1198",1198,"부산 아웃백스테이크하우스"
"1218",1218,"부산 엠브로돈까스"
"1220",1220,"부산 역전우동0411"
"1221",1221,"부산 역전할머니맥주"
"1260",1260,"부산 용궁반점"
"1264",1264,"부산 우리동네 생고기 무한리필"
"1269",1269,"부산 원기정"
"1270",1270,"부산 원조감자탕"
"1271",1271,"부산 원조부안집"
"1288",1288,"부산 이나닭강정"
"1321",1321,"부산 제줏간"
"1336",1336,"부산 지호한방삼계탕"
"1352",1352,"부산 채육식당"
"1359",1359,"부산 청년떡볶이"
"1373",1373,"부산 치치"
"1387",1387,"부산 커스텀커피"
"1393",1393,"부산 커피인류"
"1399",1399,"부산 콩부자"
"1409",1409,"부산 크리스피프레시"
"1412",1412,"부산 킹부대찌개"
"1417",1417,"부산 타코비"
"1423",1423,"부산 태리로제떡볶이&닭강정"
"1428",1428,"부산 토리아에즈"
"1455",1455,"부산 포보스"
"1461",1461,"부산 푸라닭"
"1468",1468,"부산 피슈마라홍탕"
"1481",1481,"부산 피자헛"
"1484",1484,"부산 하남돼지집"
"1497",1497,"부산 한신우동"
"1503",1503,"부산 할리스"
"1507",1507,"부산 해피스푼"
"1513",1513,"부산 호랑이초밥"
"1514",1514,"부산 호시타코야끼"
"1516",1516,"부산 호우섬"
"1527",1527,"부산 홍콩반점0410"
"1532",1532,"부산 황기순의홍두께손칼국수"
"1554",1554,"대구 키친엑스"
"1568",1568,"대구 가나점보돈까스"
"1648",1648,"대구 남경반점"
"1650",1650,"대구 남도분식"
"1668",1668,"대구 다다코리아"
"1673",1673,"대구 달링스테이크"
"1692",1692,"대구 도로시파스타"
"1703",1703,"대구 동궁찜닭"
"1710",1710,"대구 동화반점"
"1712",1712,"대구 두끼"
"1717",1717,"대구 드롭탑"
"1721",1721,"대구 디초콜릿커피"
"1760",1760,"대구 마왕족발"
"1762",1762,"대구 마케집"
"1769",1769,"대구 맛깔참죽"
"1775",1775,"대구 먼슬리키친"
"1787",1787,"대구 명륜진사갈비"
"1808",1808,"대구 미카도스시"
"1817",1817,"대구 바푸리포"
"1830",1830,"대구 백소정"
"1841",1841,"대구 버텍스"
"1843",1843,"대구 벌떡"
"1846",1846,"대구 별난주점"
"1857",1857,"대구 본죽&비빔밥café"
"1868",1868,"대구 북촌손만두"
"1873",1873,"대구 브롱스"
"1886",1886,"대구 산동반점"
"1895",1895,"대구 새마을식당"
"1899",1899,"대구 샐러디"
"1905",1905,"대구 채선당 샤브보트"
"1931",1931,"대구 숙성회136"
"1937",1937,"대구 슈퍼커피"
"1942",1942,"대구 스쿨스토어"
"1950",1950,"대구 신의주찹쌀순대"
"1956",1956,"대구 쌀똑핫도그"
"1978",1978,"대구 양가네"
"1989",1989,"대구 엠브로돈까스"
"1995",1995,"대구 영화반점"
"2012",2012,"대구 오징어나라"
"2023",2023,"대구 와플반트"
"2034",2034,"대구 우된장"
"2053",2053,"대구 육칠이"
"2060",2060,"대구 이남장"
"2063",2063,"대구 이삭토스트"
"2097",2097,"대구 종점식당"
"2102",2102,"대구 중화가정"
"2106",2106,"대구 지코바치킨"
"2115",2115,"대구 찌마기"
"2131",2131,"대구 청년치킨"
"2139",2139,"대구 최고당돈가스"
"2142",2142,"대구 취향마라"
"2151",2151,"대구 칙바이칙"
"2156",2156,"대구 카페보니또"
"2166",2166,"대구 컴포즈커피"
"2178",2178,"대구 크로플덕 오리아가씨"
"2191",2191,"대구 탐라포차"
"2215",2215,"대구 파파이스"
"2230",2230,"대구 포트캔커피"
"2250",2250,"대구 피자탑"
"2268",2268,"대구 한신우동"
"2277",2277,"대구 해장쿡"
"2286",2286,"대구 호식이두마리치킨"
"2288",2288,"대구 호치킨"
"2291",2291,"대구 호화반점"
"2302",2302,"대구 화포식당"
"2303",2303,"대구 황기순의홍두께손칼국수"
"2314",2314,"인천 아웃백"
"2328",2328,"인천 33떡볶이"
"2347",2347,"인천 강남교자"
"2350",2350,"인천 강릉엄지네꼬막집"
"2373",2373,"인천 고피자"
"2374",2374,"인천 고향반점"
"2380",2380,"인천 광수육회"
"2384",2384,"인천 구구족"
"2388",2388,"인천 국대떡볶이"
"2398",2398,"인천 금별맥주"
"2401",2401,"인천 기대만족"
"2413",2413,"인천 깐부치킨"
"2421",2421,"인천 남도분식"
"2447",2447,"인천 닭강정공방"
"2451",2451,"인천 대동집"
"2462",2462,"인천 델리커리"
"2470",2470,"인천 돈카츠마켈"
"2496",2496,"인천 떡군이네 떡볶이"
"2516",2516,"인천 르번미"
"2518",2518,"인천 리나스"
"2522",2522,"인천 리틀하노이"
"2526",2526,"인천 마라하오"
"2544",2544,"인천 매화반점"
"2546",2546,"인천 먼슬리키친"
"2559",2559,"인천 명인만두"
"2579",2579,"인천 미카도스시"
"2589",2589,"인천 박가부대"
"2590",2590,"인천 반올림피자"
"2601",2601,"인천 백소정"
"2612",2612,"인천 버텍스"
"2614",2614,"인천 벌떡"
"2646",2646,"인천 비비고"
"2652",2652,"인천 빽다방"
"2653",2653,"인천 빽보이피자"
"2666",2666,"인천 새마을식당"
"2675",2675,"인천 샤브로22"
"2702",2702,"인천 숙성회136"
"2703",2703,"인천 순남시래기"
"2704",2704,"인천 순대실록"
"2712",2712,"인천 스시화"
"2723",2723,"인천 신참떡볶이"
"2753",2753,"인천 얼맥당"
"2764",2764,"인천 연안식당"
"2770",2770,"인천 오늘통닭"
"2775",2775,"인천 오목집"
"2783",2783,"인천 오징어나라"
"2784",2784,"인천 오토김밥"
"2786",2786,"인천 옥소반"
"2790",2790,"인천 온센"
"2792",2792,"인천 와라와라"
"2798",2798,"인천 왕손피자"
"2799",2799,"인천 요거프레소"
"2808",2808,"인천 우리할매떡볶이"
"2818",2818,"인천 육대장"
"2821",2821,"인천 육이구낙곱새"
"2828",2828,"인천 음식백화점"
"2832",2832,"인천 이디야커피"
"2835",2835,"인천 이유치킨"
"2848",2848,"인천 잇티"
"2854",2854,"인천 저스트텐동"
"2864",2864,"인천 조선부뚜막"
"2865",2865,"인천 족발야시장"
"2866",2866,"인천 종로계림닭도리탕원조"
"2927",2927,"인천 카페보니또"
"2940",2940,"인천 코코이찌방야"
"2944",2944,"인천 쿠우쿠우"
"2945",2945,"인천 퀴즈노스"
"2947",2947,"인천 크라운호프"
"2954",2954,"인천 킹부대찌개"
"2963",2963,"인천 탐앤탐스"
"2991",2991,"인천 펀비어킹"
"2999",2999,"인천 포차천국"
"3007",3007,"인천 프레퍼스 다이어트 푸드"
"3049",3049,"인천 해피스푼"
"3059",3059,"인천 호치킨"
"3063",3063,"인천 혼밥대왕"
"3078",3078,"인천 후라토식당"
"3098",3098,"광주 101번지 남산돈까스"
"3109",3109,"광주 테이스티나인홈"
"3138",3138,"광주 고돼지"
"3141",3141,"광주 고반식당"
"3161",3161,"광주 국수나무"
"3162",3162,"광주 국일반점"
"3167",3167,"광주 그램그램"
"3173",3173,"광주 기소야"
"3183",3183,"광주 김치찜에 진심"
"3190",3190,"광주 남경반점"
"3219",3219,"광주 담꾹"
"3222",3222,"광주 대동집"
"3223",3223,"광주 대림국수"
"3238",3238,"광주 돈까스회관"
"3246",3246,"광주 동근이숯불두마리치킨"
"3256",3256,"광주 두성전주콩나물국밥"
"3263",3263,"광주 디초콜릿커피"
"3264",3264,"광주 딜리버리킹"
"3270",3270,"광주 또봉이통닭"
"3279",3279,"광주 라사천마라탕"
"3286",3286,"광주 롸버트치킨"
"3287",3287,"광주 르번미"
"3318",3318,"광주 메가박스"
"3349",3349,"광주 미친피자"
"3353",3353,"광주 바나프레소"
"3358",3358,"광주 바우네나주곰탕"
"3363",3363,"광주 반포식스"
"3378",3378,"광주 뱃살도둑"
"3403",3403,"광주 봉추찜닭"
"3411",3411,"광주 불고기브라더스"
"3418",3418,"광주 비스트로피자"
"3454",3454,"광주 설맥"
"3468",3468,"광주 숑숑돈까스"
"3474",3474,"광주 순남시래기"
"3481",3481,"광주 스시마이우"
"3507",3507,"광주 아빠곰탕"
"3512",3512,"광주 아이스걸크림보이"
"3522",3522,"광주 양산도"
"3524",3524,"광주 얼맥당"
"3525",3525,"광주 엉터리생고기"
"3534",3534,"광주 역전할머니맥주"
"3537",3537,"광주 영화반점"
"3554",3554,"광주 오징어나라"
"3559",3559,"광주 온달집"
"3567",3567,"광주 완백부대찌개 삼겹살"
"3588",3588,"광주 유미카츠"
"3618",3618,"광주 일품양평해장국"
"3623",3623,"광주 장독대"
"3626",3626,"광주 점심시간"
"3627",3627,"광주 정돈"
"3648",3648,"광주 지코바치킨"
"3652",3652,"광주 집밥e선생"
"3656",3656,"광주 쭈대가제육대가"
"3663",3663,"광주 창고43"
"3668",3668,"광주 철길부산집"
"3685",3685,"광주 치어스"
"3694",3694,"광주 카니발피자"
"3696",3696,"광주 카페마마스"
"3698",3698,"광주 카페보니또"
"3712",3712,"광주 콩부자"
"3713",3713,"광주 콩심"
"3715",3715,"광주 쿠우쿠우"
"3718",3718,"광주 크라운호프"
"3719",3719,"광주 크레이지후라이"
"3725",3725,"광주 킹부대찌개"
"3739",3739,"광주 테그43"
"3747",3747,"광주 투다리"
"3750",3750,"광주 틈새라면"
"3761",3761,"광주 팔당냉면"
"3766",3766,"광주 포몬스"
"3771",3771,"광주 Poke all day 포케&샐러드"
"3772",3772,"광주 포트캔커피"
"3780",3780,"광주 플러스82"
"3785",3785,"광주 피자선생"
"3806",3806,"광주 한남동그집"
"3823",3823,"광주 현대반점"
"3833",3833,"광주 호화반점"
"3834",3834,"광주 혼밥대왕"
"3839",3839,"광주 홍춘천치즈닭갈비"
"3845",3845,"광주 황기순의홍두께손칼국수"
"3846",3846,"광주 회장님댁"
"3852",3852,"광주 훌랄라 참숯바베큐치킨"
"3868",3868,"대전 파리크라상"
"3883",3883,"대전 가마치통닭"
"3899",3899,"대전 경성주막1929"
"3901",3901,"대전 경양카츠"
"3916",3916,"대전 고향반점"
"3925",3925,"대전 교촌치킨"
"3927",3927,"대전 구도로통닭"
"3945",3945,"대전 기영이 숯불두마리치킨"
"3953",3953,"대전 김선생 불닭발"
"3958",3958,"대전 꼬지사께"
"3965",3965,"대전 남영동양문"
"3970",3970,"대전 네네치킨"
"3996",3996,"대전 대패상회"
"4001",4001,"대전 던킨"
"4019",4019,"대전 동래정"
"4024",4024,"대전 돼지게티"
"4025",4025,"대전 두끼"
"4028",4028,"대전 두찜"
"4034",4034,"대전 디초콜릿커피"
"4045",4045,"대전 라그릴리아"
"4047",4047,"대전 라멘짱"
"4067",4067,"대전 마라영웅"
"4068",4068,"대전 마라하오"
"4070",4070,"대전 마루샤브"
"4089",4089,"대전 메가박스"
"4103",4103,"대전 모랑해물솥밥"
"4117",4117,"대전 미스터빠삭"
"4124",4124,"대전 바나프레소"
"4135",4135,"대전 발재반점"
"4138",4138,"대전 배달돼지"
"4156",4156,"대전 벌떡"
"4189",4189,"대전 비스트로피자"
"4212",4212,"대전 샐러디"
"4214",4214,"대전 생생돈까스"
"4222",4222,"대전 서오릉피자"
"4235",4235,"대전 소소떡볶이"
"4241",4241,"대전 수유리우동집"
"4244",4244,"대전 숙성회136"
"4251",4251,"대전 스노우폭스"
"4274",4274,"대전 아딸"
"4305",4305,"대전 역전할머니맥주"
"4316",4316,"대전 오마뎅"
"4340",4340,"대전 왕손피자"
"4342",4342,"대전 요녀석"
"4345",4345,"대전 용용선생"
"4356",4356,"대전 원할머니보쌈족발"
"4372",4372,"대전 이나닭강정"
"4374",4374,"대전 이디야커피"
"4379",4379,"대전 이태리부대찌개"
"4390",4390,"대전 잇티"
"4394",4394,"대전 장독대"
"4395",4395,"대전 잭슨피자"
"4402",4402,"대전 제일반점"
"4430",4430,"대전 Chai797"
"4441",4441,"대전 청년고기장수"
"4470",4470,"대전 캘리포니아피자키친"
"4479",4479,"대전 컴포즈커피"
"4504",4504,"대전 탐라포차"
"4519",4519,"대전 투마리치킨"
"4528",4528,"대전 파파이스"
"4529",4529,"대전 파파존스"
"4544",4544,"대전 폴바셋"
"4546",4546,"대전 프랑킨숯불양념구이치킨"
"4549",4549,"대전 프레퍼스 다이어트 푸드"
"4551",4551,"대전 플러스82"
"4582",4582,"대전 한신포차"
"4585",4585,"대전 한우리"
"4588",4588,"대전 할매순대국"
"4594",4594,"대전 현대반점"
"4613",4613,"대전 화락바베큐치킨"
"4619",4619,"대전 후라이드참잘하는집"
"4635",4635,"울산 철판&부대찌개 브라더스"
"4636",4636,"울산 커피빈"
"4654",4654,"울산 가마치통닭"
"4657",4657,"울산 감성커피"
"4660",4660,"울산 강남교자"
"4662",4662,"울산 강남반점"
"4665",4665,"울산 피자생각"
"4679",4679,"울산 고기한끼"
"4702",4702,"울산 국민낙곱새"
"4708",4708,"울산 귀한족발"
"4735",4735,"울산 남선반점"
"4739",4739,"울산 내가찜한닭"
"4742",4742,"울산 네모오징어"
"4755",4755,"울산 달떡볶이"
"4786",4786,"울산 동경규동"
"4799",4799,"울산 두찜"
"4814",4814,"울산 뜸들이다"
"4817",4817,"울산 라떼킹"
"4820",4820,"울산 라밥"
"4824",4824,"울산 라화쿵부"
"4830",4830,"울산 리김밥"
"4836",4836,"울산 릴리펏"
"4837",4837,"울산 마라공방"
"4840",4840,"울산 마라홀릭 마라탕"
"4841",4841,"울산 마루샤브"
"4844",4844,"울산 마왕족발"
"4849",4849,"울산 만족오향족발"
"4862",4862,"울산 메이크어딜리버리"
"4863",4863,"울산 메콩타이"
"4873",4873,"울산 명품키친"
"4875",4875,"울산 모스버거"
"4880",4880,"울산 무쏘"
"4888",4888,"울산 미스터빠삭"
"4909",4909,"울산 배달돼지"
"4935",4935,"울산 보승회관"
"4948",4948,"울산 부어치킨"
"4965",4965,"울산 빽다방"
"4973",4973,"울산 삼산회관"
"4974",4974,"울산 삼첩분식"
"4994",4994,"울산 서울반점"
"5007",5007,"울산 손큰할매순대국"
"5011",5011,"울산 수다"
"5024",5024,"울산 스시웨이"
"5029",5029,"울산 시올돈"
"5031",5031,"울산 신룽푸마라탕"
"5032",5032,"울산 신불떡볶이"
"5035",5035,"울산 신전떡볶이"
"5040",5040,"울산 쌀똑핫도그"
"5043",5043,"울산 썬더치킨"
"5049",5049,"울산 아빠곰탕"
"5063",5063,"울산 양계장집아들"
"5065",5065,"울산 어사출또"
"5073",5073,"울산 엠브로돈까스"
"5082",5082,"울산 오늘와인한잔"
"5091",5091,"울산 오봉집"
"5108",5108,"울산 완미족발"
"5110",5110,"울산 완산골명가"
"5121",5121,"울산 우리할매떡볶이"
"5126",5126,"울산 원조부안집"
"5146",5146,"울산 이름없는파스타"
"5150",5150,"울산 이태리부대찌개"
"5151",5151,"울산 이화수전통육개장"
"5155",5155,"울산 인생설렁탕"
"5160",5160,"울산 일품양평해장국"
"5181",5181,"울산 종점식당"
"5182",5182,"울산 죠샌드위치"
"5188",5188,"울산 지랄닭발"
"5198",5198,"울산 쭈대가제육대가"
"5215",5215,"울산 청년치킨"
"5216",5216,"울산 청년피자"
"5217",5217,"울산 청담동마녀김밥"
"5228",5228,"울산 치치"
"5229",5229,"울산 치킨더비"
"5239",5239,"울산 카페베네"
"5250",5250,"울산 컴포즈커피"
"5252",5252,"울산 코바코"
"5253",5253,"울산 코코이찌방야"
"5270",5270,"울산 타이반쩜"
"5276",5276,"울산 탐앤탐스"
"5280",5280,"울산 택이네조개전골"
"5285",5285,"울산 토마토김밥"
"5288",5288,"울산 투고샐러드"
"5290",5290,"울산 투마리치킨"
"5292",5292,"울산 틈새라면"
"5296",5296,"울산 파스타입니다"
"5318",5318,"울산 프랭크버거"
"5326",5326,"울산 피자먹다"
"5340",5340,"울산 하노이별"
"5364",5364,"울산 행복은간장밥"
"5370",5370,"울산 호식이두마리치킨"
"5373",5373,"울산 호토모토"
"5377",5377,"울산 홍대개미"
"5383",5383,"울산 홍콩반점0411"
"5384",5384,"울산 화락바베큐치킨"
"5386",5386,"울산 화포식당"
"5391",5391,"울산 후라토식당"
"5406",5406,"세종 철판&부대찌개 브라더스"
"5412",5412,"세종 33떡볶이"
"5413",5413,"세종 60계 치킨"
"5433",5433,"세종 강남반점"
"5439",5439,"세종 경성밥상"
"5449",5449,"세종 고기싸롱"
"5451",5451,"세종 고돼지"
"5453",5453,"세종 고메스테이크"
"5455",5455,"세종 고봉민김밥인"
"5461",5461,"세종 곱분이곱창"
"5464",5464,"세종 광수육회"
"5471",5471,"세종 구름계란덮밥"
"5473",5473,"세종 국민낙곱새"
"5478",5478,"세종 굽네치킨"
"5481",5481,"세종 그리너"
"5483",5483,"세종 금복주류"
"5486",5486,"세종 기소야"
"5492",5492,"세종 김복남맥주"
"5519",5519,"세종 누구나홀딱반한닭"
"5521",5521,"세종 니뽕내뽕"
"5534",5534,"세종 대독장"
"5536",5536,"세종 대림국수"
"5537",5537,"세종 대성반점"
"5547",5547,"세종 도로시파스타"
"5562",5562,"세종 동아반점"
"5565",5565,"세종 동화반점"
"5581",5581,"세종 떡볶이참잘하는집 떡참"
"5583",5583,"세종 또봉이통닭"
"5608",5608,"세종 마라공방"
"5619",5619,"세종 만복국수"
"5628",5628,"세종 매화반점"
"5647",5647,"세종 목로주점"
"5653",5653,"세종 미라클푸드"
"5655",5655,"세종 미소야"
"5679",5679,"세종 밥플러스"
"5680",5680,"세종 배달돼지"
"5702",5702,"세종 보나베띠"
"5736",5736,"세종 빽다방"
"5762",5762,"세종 샤이바나"
"5763",5763,"세종 서가앤쿡"
"5772",5772,"세종 소녀방앗간"
"5787",5787,"세종 순남시래기"
"5794",5794,"세종 스시마이우"
"5806",5806,"세종 신전떡볶이"
"5820",5820,"세종 아빠곰탕"
"5829",5829,"세종 알콩다방"
"5860",5860,"세종 오복수산"
"5903",5903,"세종 팔도국밥 육수당"
"5925",5925,"세종 인생닭강정"
"5942",5942,"세종 제레미21"
"5944",5944,"세종 제일반점"
"5956",5956,"세종 중앙반점"
"5964",5964,"세종 진땡이"
"5992",5992,"세종 초이다이닝"
"6024",6024,"세종 코코이찌방야"
"6028",6028,"세종 쿠우쿠우"
"6041",6041,"세종 타이반쩜"
"6066",6066,"세종 파스쿠찌"
"6082",6082,"세종 포아이니"
"6086",6086,"세종 폴바셋"
"6088",6088,"세종 프랑킨숯불양념구이치킨"
"6089",6089,"세종 프랭크버거"
"6091",6091,"세종 프레퍼스 다이어트 푸드"
"6100",6100,"세종 피자스쿨"
"6114",6114,"세종 하코야"
"6118",6118,"세종 한국수"
"6156",6156,"세종 화로상회"
"6186",6186,"강원 7번가피자"
"6202",6202,"강원 강남교자"
"6224",6224,"강원 고메스테이크"
"6228",6228,"강원 고피자"
"6230",6230,"강원 곤트란쉐리에"
"6237",6237,"강원 교동전선생"
"6248",6248,"강원 군자대한곱창"
"6250",6250,"강원 귀한족발"
"6258",6258,"강원 기영이 숯불두마리치킨"
"6260",6260,"강원 길동우동"
"6269",6269,"강원 깡돈"
"6291",6291,"강원 뉴욕야시장"
"6300",6300,"강원 달콤 왕가 탕후루"
"6316",6316,"강원 덮밥장사장"
"6329",6329,"강원 동궁찜닭"
"6332",6332,"강원 동래정"
"6335",6335,"강원 동해반점"
"6347",6347,"강원 디초콜릿커피"
"6352",6352,"강원 떡볶이참잘하는집 떡참"
"6363",6363,"강원 라사천마라탕"
"6369",6369,"강원 롤링파스타"
"6378",6378,"강원 릴리펏"
"6383",6383,"강원 마루샤브"
"6386",6386,"강원 마왕족발"
"6387",6387,"강원 마이쥬스"
"6392",6392,"강원 말뚝곱창"
"6399",6399,"강원 매화반점"
"6406",6406,"강원 멕시카나치킨"
"6409",6409,"강원 명가통닭"
"6414",6414,"강원 명인만두"
"6432",6432,"강원 미아리우동집"
"6445",6445,"강원 반올림피자"
"6448",6448,"강원 발재반점"
"6454",6454,"강원 배달의쌀국수"
"6457",6457,"강원 백순대본가새맛"
"6466",6466,"강원 버거킹"
"6468",6468,"강원 번개반점"
"6472",6472,"강원 별난주점"
"6483",6483,"강원 본죽&비빔밥café"
"6496",6496,"강원 불닭발땡초동대문엽기떡볶이"
"6507",6507,"강원 빽다방"
"6516",6516,"강원 삼첩분식"
"6518",6518,"강원 삼형제김밥"
"6523",6523,"강원 샐러데이즈"
"6550",6550,"강원 솥솥"
"6577",6577,"강원 신전떡볶이"
"6588",6588,"강원 아라치"
"6589",6589,"강원 아마스빈"
"6599",6599,"강원 알촌"
"6612",6612,"강원 에머이"
"6622",6622,"강원 옐로우피자"
"6626",6626,"강원 오니기리와이규동"
"6628",6628,"강원 오로지라멘"
"6636",6636,"강원 오사카우동"
"6638",6638,"강원 오징어나라"
"6641",6641,"강원 옥소반"
"6654",6654,"강원 요거프레소"
"6665",6665,"강원 우이락"
"6668",6668,"강원 원조부안집"
"6670",6670,"강원 유가네닭갈비"
"6677",6677,"강원 육전국밥"
"6692",6692,"강원 이태리부대찌개"
"6727",6727,"강원 중앙반점"
"6730",6730,"강원 지랄닭발"
"6747",6747,"강원 창고43"
"6748",6748,"강원 채선당"
"6777",6777,"강원 칙바이칙"
"6780",6780,"강원 카페마마스"
"6785",6785,"강원 커피니"
"6788",6788,"강원 커피스미스"
"6801",6801,"강원 큐큐면관"
"6808",6808,"강원 큰집닭강정"
"6809",6809,"강원 킹부대찌개"
"6814",6814,"강원 타코비"
"6815",6815,"강원 탄탄면공방"
"6816",6816,"강원 탐나종합어시장"
"6817",6817,"강원 탐라포차"
"6825",6825,"강원 토리아에즈"
"6829",6829,"강원 통파이브"
"6833",6833,"강원 투썸플레이스"
"6847",6847,"강원 페리카나"
"6848",6848,"강원 평화반점"
"6891",6891,"강원 한사리감자탕&뼈구이"
"6913",6913,"강원 호우섬"
"6914",6914,"강원 호치킨"
"6916",6916,"강원 호호반점"
"6917",6917,"강원 호화반점"
"6919",6919,"강원 홍대개미"
"6929",6929,"강원 황기순의홍두께손칼국수"
"6932",6932,"강원 후라이드참잘하는집"
"6938",6938,"강원 히노아지"
"6945",6945,"충청북도 오므토토마토"
"6958",6958,"충청북도 88로타리집"
"6973",6973,"충청북도 강남교자"
"6982",6982,"충청북도 경성술집"
"6983",6983,"충청북도 경성주막1929"
"6999",6999,"충청북도 고피자"
"7005",7005,"충청북도 공차"
"7011",7011,"충청북도 구도로통닭"
"7019",7019,"충청북도 군자대한곱창"
"7030",7030,"충청북도 긴자료코"
"7033",7033,"충청북도 김밥천국"
"7050",7050,"충청북도 남오토코"
"7054",7054,"충청북도 네네치킨"
"7058",7058,"충청북도 노모어피자"
"7069",7069,"충청북도 달래해장"
"7088",7088,"충청북도 델리커리"
"7089",7089,"충청북도 도로시파스타"
"7090",7090,"충청북도 도미노피자"
"7099",7099,"충청북도 동경규동"
"7108",7108,"충청북도 돼지게티"
"7129",7129,"충청북도 라그릴리아"
"7138",7138,"충청북도 로봇김밥"
"7143",7143,"충청북도 리김밥"
"7149",7149,"충청북도 릴리펏"
"7189",7189,"충청북도 목로주점"
"7210",7210,"충청북도 바르다김선생"
"7231",7231,"충청북도 역전우동0410"
"7240",7240,"충청북도 벌떡"
"7248",7248,"충청북도 보승회관"
"7249",7249,"충청북도 본가"
"7260",7260,"충청북도 부산아지매국밥"
"7274",7274,"충청북도 비엔나커피하우스"
"7293",7293,"충청북도 샌드위밋"
"7297",7297,"충청북도 샐러리아"
"7301",7301,"충청북도 샤브로22"
"7308",7308,"충청북도 선비꼬마김밥"
"7309",7309,"충청북도 설맥"
"7310",7310,"충청북도 설빙"
"7316",7316,"충청북도 소담촌"
"7327",7327,"충청북도 수지상회"
"7350",7350,"충청북도 신촌설렁탕"
"7362",7362,"충청북도 아빠곰탕"
"7369",7369,"충청북도 안주백화점"
"7371",7371,"충청북도 알콩다방"
"7403",7403,"충청북도 오봉도시락"
"7424",7424,"충청북도 왕손피자"
"7429",7429,"충청북도 용용선생"
"7453",7453,"충청북도 은행골"
"7473",7473,"충청북도 일품양평해장국"
"7485",7485,"충청북도 제육대가"
"7493",7493,"충청북도 종로김밥"
"7494",7494,"충청북도 종점식당"
"7502",7502,"충청북도 지지고"
"7504",7504,"충청북도 지호한방삼계탕"
"7506",7506,"충청북도 진땡이"
"7509",7509,"충청북도 짝태패밀리"
"7511",7511,"충청북도 쭈대가제육대가"
"7528",7528,"충청북도 청년치킨"
"7546",7546,"충청북도 치킨선생"
"7570",7570,"충청북도 쿠우쿠우"
"7578",7578,"충청북도 큰맘할매순대국"
"7614",7614,"충청북도 팔각도"
"7626",7626,"충청북도 Poke all day 포케&샐러드"
"7646",7646,"충청북도 피자에땅"
"7675",7675,"충청북도 해피스푼"
"7678",7678,"충청북도 현대반점"
"7691",7691,"충청북도 홍대쌀국수"
"7706",7706,"충청북도 훅트포케"
"7710",7710,"충청북도 힘난다버거"
"7716",7716,"충청남도 오므토토마토"
"7736",7736,"충청남도 가나점보돈까스"
"7737",7737,"충청남도 가마로강정"
"7744",7744,"충청남도 강남교자"
"7745",7745,"충청남도 강남면옥"
"7759",7759,"충청남도 계림원"
"7789",7789,"충청남도 군선생"
"7793",7793,"충청남도 그램그램"
"7795",7795,"충청남도 금별맥주"
"7803",7803,"충청남도 김가네"
"7813",7813,"충청남도 꼬지사께"
"7815",7815,"충청남도 난바우동"
"7834",7834,"충청남도 니뽕내뽕"
"7849",7849,"충청남도 대림국수"
"7857",7857,"충청남도 덮다"
"7891",7891,"충청남도 따띠삼겹"
"7892",7892,"충청남도 땅땅치킨"
"7894",7894,"충청남도 떡볶이참잘하는집 떡참"
"7910",7910,"충청남도 로운 샤브샤브"
"7930",7930,"충청남도 마케집"
"7938",7938,"충청남도 맛닭꼬"
"7943",7943,"충청남도 먼슬리키친"
"7951",7951,"충청남도 명가통닭"
"7955",7955,"충청남도 명륜진사갈비"
"7958",7958,"충청남도 모랑해물솥밥"
"7960",7960,"충청남도 목로주점"
"7965",7965,"충청남도 미니스톱"
"7978",7978,"충청남도 밀포유"
"7982",7982,"충청남도 바른치킨"
"8005",8005,"충청남도 버거리"
"8006",8006,"충청남도 버거비"
"8021",8021,"충청남도 본도시락"
"8033",8033,"충청남도 부엉이돈가스"
"8055",8055,"충청남도 산쪼메"
"8059",8059,"충청남도 삼청당"
"8096",8096,"충청남도 수유리우동집"
"8105",8105,"충청남도 슈퍼커피"
"8108",8108,"충청남도 스시웨이"
"8116",8116,"충청남도 신불떡볶이"
"8124",8124,"충청남도 쌀똑핫도그"
"8126",8126,"충청남도 써브웨이"
"8175",8175,"충청남도 오봉집"
"8179",8179,"충청남도 오술차"
"8200",8200,"충청남도 용용선생"
"8209",8209,"충청남도 원조감자탕"
"8214",8214,"충청남도 유미카츠"
"8227",8227,"충청남도 이나닭강정"
"8242",8242,"충청남도 일만족발"
"8244",8244,"충청남도 일품양평해장국"
"8251",8251,"충청남도 저스트텐동"
"8255",8255,"충청남도 제레미21"
"8256",8256,"충청남도 제육대가"
"8260",8260,"충청남도 제줏간"
"8265",8265,"충청남도 종점식당"
"8267",8267,"충청남도 죠스떡볶이"
"8268",8268,"충청남도 죽이야기"
"8273",8273,"충청남도 지지고"
"8279",8279,"충청남도 짚신매운갈비찜"
"8285",8285,"충청남도 Chai797"
"8290",8290,"충청남도 채선당"
"8296",8296,"충청남도 청년고기장수"
"8300",8300,"충청남도 청년피자"
"8313",8313,"충청남도 치킨더비"
"8337",8337,"충청남도 코코이찌방야"
"8356",8356,"충청남도 타코비"
"8357",8357,"충청남도 탄탄면공방"
"8366",8366,"충청남도 테트리스찜닭"
"8371",8371,"충청남도 통파이브"
"8381",8381,"충청남도 파스타집이야"
"8390",8390,"충청남도 평화반점"
"8402",8402,"충청남도 프랭크버거"
"8411",8411,"충청남도 피자선생"
"8414",8414,"충청남도 피자스톰"
"8421",8421,"충청남도 피자헤븐"
"8424",8424,"충청남도 하노이별"
"8425",8425,"충청남도 하루엔소쿠"
"8428",8428,"충청남도 학사주점"
"8442",8442,"충청남도 할리스"
"8449",8449,"충청남도 현대반점"
"8455",8455,"충청남도 호우섬"
"8493",8493,"전라북도 키친엑스"
"8502",8502,"전라북도 BBQ치킨"
"8508",8508,"전라북도 가마로강정"
"8533",8533,"전라북도 고기싸롱"
"8545",8545,"전라북도 곱분이곱창"
"8572",8572,"전라북도 긴자료코"
"8577",8577,"전라북도 김뿌라"
"8581",8581,"전라북도 깐부치킨"
"8584",8584,"전라북도 꼬지사께"
"8587",8587,"전라북도 남경반점"
"8591",8591,"전라북도 남영동양문"
"8594",8594,"전라북도 내가찜한닭"
"8607",8607,"전라북도 다다코리아"
"8617",8617,"전라북도 담소소사골순대육개장"
"8626",8626,"전라북도 더치앤빈 수육국밥"
"8635",8635,"전라북도 돈까스회관"
"8646",8646,"전라북도 동아반점"
"8681",8681,"전라북도 로운 샤브샤브"
"8714",8714,"전라북도 먼슬리키친"
"8740",8740,"전라북도 미스사이공"
"8754",8754,"전라북도 바스버거"
"8755",8755,"전라북도 바우네나주곰탕"
"8759",8759,"전라북도 반장즉석떡볶이"
"8777",8777,"전라북도 버거비"
"8792",8792,"전라북도 본도시락"
"8802",8802,"전라북도 부산아지매국밥"
"8805",8805,"전라북도 북경반점"
"8815",8815,"전라북도 비스트로피자"
"8829",8829,"전라북도 삼첩분식"
"8848",8848,"전라북도 서오릉피자"
"8849",8849,"전라북도 서울반점"
"8856",8856,"전라북도 소녀방앗간"
"8875",8875,"전라북도 쉐이크쉑"
"8877",8877,"전라북도 스노우폭스"
"8947",8947,"전라북도 오븐마루치킨"
"8966",8966,"전라북도 왕손피자"
"8984",8984,"전라북도 유로코피자"
"8985",8985,"전라북도 유미카츠"
"8990",8990,"전라북도 육전국밥"
"8994",8994,"전라북도 윤이불닭발"
"9002",9002,"전라북도 이삭토스트"
"9007",9007,"전라북도 인기명"
"9013",9013,"전라북도 일만족발"
"9014",9014,"전라북도 일미리금계찜닭"
"9019",9019,"전라북도 자연별곡"
"9025",9025,"전라북도 정육점식당"
"9029",9029,"전라북도 제일제면소"
"9033",9033,"전라북도 족발야시장"
"9035",9035,"전라북도 종로김밥"
"9050",9050,"전라북도 짚신매운갈비찜"
"9058",9058,"전라북도 찰스숯불김밥"
"9060",9060,"전라북도 창고43"
"9106",9106,"전라북도 KMGM"
"9108",9108,"전라북도 코코이찌방야"
"9116",9116,"전라북도 크레이지후라이"
"9119",9119,"전라북도 크리스피프레시"
"9131",9131,"전라북도 탐앤탐스"
"9132",9132,"전라북도 탕화쿵푸마라탕"
"9136",9136,"전라북도 테그43"
"9184",9184,"전라북도 피자스쿨"
"9194",9194,"전라북도 하남돼지집"
"9199",9199,"전라북도 학사주점"
"9210",9210,"전라북도 한와담"
"9215",9215,"전라북도 할머니가래떡볶이"
"9227",9227,"전라북도 호치킨"
"9228",9228,"전라북도 호토모토"
"9235",9235,"전라북도 홍짜장"
"9258",9258,"전라남도 오므토토마토"
"9259",9259,"전라남도 스쿨푸드"
"9270",9270,"전라남도 7번가피자"
"9278",9278,"전라남도 가나점보돈까스"
"9279",9279,"전라남도 가마로강정"
"9283",9283,"전라남도 감성커피"
"9325",9325,"전라남도 구룡반점"
"9336",9336,"전라남도 그리너"
"9342",9342,"전라남도 기영이 숯불두마리치킨"
"9344",9344,"전라남도 길동우동"
"9345",9345,"전라남도 김가네"
"9349",9349,"전라남도 김사부의 곱창명가"
"9353",9353,"전라남도 깡돈"
"9366",9366,"전라남도 냠냠족발&보쌈"
"9402",9402,"전라남도 도로시파스타"
"9404",9404,"전라남도 도야짬뽕"
"9425",9425,"전라남도 두찜"
"9432",9432,"전라남도 딜리버리킹"
"9445",9445,"전라남도 라무진"
"9483",9483,"전라남도 매화반점"
"9495",9495,"전라남도 명동할머니국수"
"9497",9497,"전라남도 명륜진사갈비"
"9500",9500,"전라남도 모랑해물솥밥"
"9515",9515,"전라남도 미스터피자"
"9523",9523,"전라남도 바르다김선생"
"9526",9526,"전라남도 바우네나주곰탕"
"9527",9527,"전라남도 바푸리포"
"9551",9551,"전라남도 버텍스"
"9555",9555,"전라남도 베키아에누보"
"9557",9557,"전라남도 보나베띠"
"9559",9559,"전라남도 보드람치킨"
"9594",9594,"전라남도 사위식당"
"9603",9603,"전라남도 상상오리"
"9618",9618,"전라남도 서가앤쿡"
"9623",9623,"전라남도 설빙"
"9637",9637,"전라남도 수다"
"9652",9652,"전라남도 스쿨스토어"
"9659",9659,"전라남도 신선설농탕"
"9680",9680,"전라남도 아이스걸크림보이"
"9681",9681,"전라남도 아재커피"
"9691",9691,"전라남도 어사출또"
"9701",9701,"전라남도 역전우동0411"
"9703",9703,"전라남도 연안식당"
"9705",9705,"전라남도 영화반점"
"9715",9715,"전라남도 오복수산"
"9718",9718,"전라남도 오븐마루치킨"
"9721",9721,"전라남도 오술차"
"9725",9725,"전라남도 옥소반"
"9726",9726,"전라남도 온가솥밥"
"9728",9728,"전라남도 온더보더"
"9739",9739,"전라남도 요녀석"
"9750",9750,"전라남도 원기정"
"9789",9789,"전라남도 자마버거"
"9799",9799,"전라남도 제일반점"
"9802",9802,"전라남도 제줏간"
"9810",9810,"전라남도 죽이야기"
"9830",9830,"전라남도 참이맛감자탕"
"9840",9840,"전라남도 청년떡볶이"
"9848",9848,"전라남도 초장집"
"9855",9855,"전라남도 치킨더비"
"9872",9872,"전라남도 커피스미스"
"9878",9878,"전라남도 코바코"
"9882",9882,"전라남도 콩카페"
"9888",9888,"전라남도 크로플덕 오리아가씨"
"9906",9906,"전라남도 택이네조개전골"
"9908",9908,"전라남도 테트리스찜닭"
"9922",9922,"전라남도 파스타입니다"
"9931",9931,"전라남도 페리카나"
"9968",9968,"전라남도 하이카오산"
"9969",9969,"전라남도 하코야"
"9991",9991,"전라남도 현대반점"
"10010",10010,"전라남도 화락바베큐치킨"
"10016",10016,"전라남도 후라이드참잘하는집"
"10028",10028,"경상북도 스폰티니"
"10029",10029,"경상북도 오므토토마토"
"10039",10039,"경상북도 60계 치킨"
"10043",10043,"경상북도 88옛날통닭"
"10046",10046,"경상북도 KFC"
"10053",10053,"경상북도 가츠몽"
"10054",10054,"경상북도 감성커피"
"10087",10087,"경상북도 곱분이곱창"
"10090",10090,"경상북도 광수육회"
"10092",10092,"경상북도 교동전선생"
"10096",10096,"경상북도 구룡반점"
"10099",10099,"경상북도 국민낙곱새"
"10101",10101,"경상북도 국일반점"
"10123",10123,"경상북도 깐부치킨"
"10133",10133,"경상북도 남영동양문"
"10136",10136,"경상북도 내가찜한닭"
"10149",10149,"경상북도 다다코리아"
"10151",10151,"경상북도 단골손님"
"10155",10155,"경상북도 달콤 왕가 탕후루"
"10157",10157,"경상북도 닭강정공방"
"10163",10163,"경상북도 대성반점"
"10167",10167,"경상북도 더진국 수육국밥"
"10181",10181,"경상북도 돌배기집"
"10183",10183,"경상북도 동경규동"
"10189",10189,"경상북도 동원참치"
"10192",10192,"경상북도 돼지게티"
"10205",10205,"경상북도 땅땅치킨"
"10212",10212,"경상북도 라공방"
"10234",10234,"경상북도 마라공방"
"10235",10235,"경상북도 마라영웅"
"10248",10248,"경상북도 맘스터치"
"10259",10259,"경상북도 메이크어딜리버리"
"10260",10260,"경상북도 메콩타이"
"10283",10283,"경상북도 미스터보쌈5378"
"10284",10284,"경상북도 미스터보쌈5379"
"10291",10291,"경상북도 밀포유"
"10307",10307,"경상북도 배달삼겹돼지되지"
"10315",10315,"경상북도 역전우동0410"
"10321",10321,"경상북도 버거킹"
"10339",10339,"경상북도 봉구비어"
"10340",10340,"경상북도 봉구스밥버거"
"10352",10352,"경상북도 브라운돈까스"
"10359",10359,"경상북도 빅스타피자"
"10368",10368,"경상북도 산쪼메"
"10372",10372,"경상북도 삼청당"
"10373",10373,"경상북도 삼형제김밥"
"10391",10391,"경상북도 서울반점"
"10392",10392,"경상북도 선비꼬마김밥"
"10406",10406,"경상북도 송추가마골 인어반"
"10416",10416,"경상북도 순수치킨"
"10433",10433,"경상북도 신참떡볶이"
"10436",10436,"경상북도 싸움의고수"
"10438",10438,"경상북도 쌀통닭"
"10441",10441,"경상북도 씨제이프레시웨이"
"10442",10442,"경상북도 아딸"
"10484",10484,"경상북도 오마뎅"
"10493",10493,"경상북도 오징어나라"
"10506",10506,"경상북도 완백부대찌개 삼겹살"
"10530",10530,"경상북도 육쌈냉면"
"10537",10537,"경상북도 은행골"
"10539",10539,"경상북도 응급실국물떡볶이"
"10540",10540,"경상북도 이나닭강정"
"10566",10566,"경상북도 정돈"
"10570",10570,"경상북도 제일반점"
"10577",10577,"경상북도 종로김밥"
"10586",10586,"경상북도 지지고"
"10588",10588,"경상북도 지호한방삼계탕"
"10590",10590,"경상북도 진땡이"
"10600",10600,"경상북도 찰스숯불김밥"
"10621",10621,"경상북도 최배달떡순튀"
"10623",10623,"경상북도 취향마라"
"10638",10638,"경상북도 캘리포니아피자키친"
"10645",10645,"경상북도 커피인류"
"10656",10656,"경상북도 큐큐면관"
"10670",10670,"경상북도 탄탄면공방"
"10677",10677,"경상북도 택이네조개전골"
"10683",10683,"경상북도 토마토도시락"
"10688",10688,"경상북도 투썸플레이스"
"10691",10691,"경상북도 파란만잔"
"10700",10700,"경상북도 팔당냉면"
"10701",10701,"경상북도 펀비어킹"
"10711",10711,"경상북도 포트캔커피"
"10719",10719,"경상북도 플러스82"
"10721",10721,"경상북도 피자나라치킨공주"
"10740",10740,"경상북도 하코야"
"10749",10749,"경상북도 한신우동"
"10752",10752,"경상북도 한와담"
"10760",10760,"경상북도 핵밥"
"10790",10790,"경상북도 훅트포케"
"10793",10793,"경상북도 히노아지"
"10799",10799,"경상남도 스폰티니"
"10816",10816,"경상남도 BHC치킨"
"10843",10843,"경상남도 계림원"
"10844",10844,"경상남도 계절밥상"
"10858",10858,"경상남도 곱분이곱창"
"10862",10862,"경상남도 교대이층집"
"10880",10880,"경상남도 금복주류"
"10883",10883,"경상남도 기소야"
"10886",10886,"경상남도 길동우동"
"10896",10896,"경상남도 코리엔탈깻잎두마리치킨"
"10914",10914,"경상남도 놀부보쌈&부대찌개"
"10936",10936,"경상남도 대한냉면"
"10938",10938,"경상남도 더진국 수육국밥"
"10939",10939,"경상남도 더치앤빈 수육국밥"
"10940",10940,"경상남도 던킨"
"10943",10943,"경상남도 델리커리"
"10959",10959,"경상남도 동아반점"
"10970",10970,"경상남도 등촌샤브칼국수"
"10978",10978,"경상남도 떡볶이참잘하는집 떡참"
"10988",10988,"경상남도 라밥"
"10993",10993,"경상남도 로봇김밥"
"11005",11005,"경상남도 마라공방"
"11013",11013,"경상남도 마이쥬스"
"11018",11018,"경상남도 말뚝곱창"
"11019",11019,"경상남도 맘스터치"
"11021",11021,"경상남도 맛깔참죽"
"11024",11024,"경상남도 매운국물떡볶이 밀방떡"
"11025",11025,"경상남도 매화반점"
"11032",11032,"경상남도 멕시카나치킨"
"11091",11091,"경상남도 버거앤프라이즈"
"11100",11100,"경상남도 보돌미역"
"11103",11103,"경상남도 보승회관"
"11115",11115,"경상남도 부산아지매국밥"
"11117",11117,"경상남도 부엉이돈가스"
"11131",11131,"경상남도 빌리엔젤"
"11136",11136,"경상남도 사위식당"
"11154",11154,"경상남도 생어거스틴"
"11157",11157,"경상남도 채선당 샤브보트"
"11158",11158,"경상남도 샤오바오"
"11160",11160,"경상남도 서가앤쿡"
"11162",11162,"경상남도 서울반점"
"11172",11172,"경상남도 소림마라"
"11175",11175,"경상남도 손큰할매순대국"
"11180",11180,"경상남도 수유리우동집"
"11190",11190,"경상남도 스노우폭스"
"11212",11212,"경상남도 씨제이프레시웨이"
"11224",11224,"경상남도 안주백화점"
"11235",11235,"경상남도 엉터리생고기"
"11236",11236,"경상남도 에그드랍"
"11243",11243,"경상남도 역전우동0411"
"11258",11258,"경상남도 오봉도시락"
"11277",11277,"경상남도 완백부대찌개 삼겹살"
"11278",11278,"경상남도 완산골명가"
"11289",11289,"경상남도 우리할매떡볶이"
"11293",11293,"경상남도 원조감자탕"
"11323",11323,"경상남도 인생설렁탕"
"11328",11328,"경상남도 일품양평해장국"
"11334",11334,"경상남도 잭슨피자"
"11336",11336,"경상남도 점심시간"
"11350",11350,"경상남도 죠샌드위치"
"11353",11353,"경상남도 중앙반점"
"11372",11372,"경상남도 참이맛감자탕"
"11375",11375,"경상남도 채육식당"
"11389",11389,"경상남도 초이다이닝"
"11392",11392,"경상남도 최배달떡순튀"
"11400",11400,"경상남도 치킨매니아"
"11403",11403,"경상남도 칙바이칙"
"11405",11405,"경상남도 카모메"
"11406",11406,"경상남도 카페마마스"
"11409",11409,"경상남도 캘리포니아피자키친"
"11412",11412,"경상남도 커피베이"
"11425",11425,"경상남도 쿠우쿠우"
"11435",11435,"경상남도 킹부대찌개"
"11449",11449,"경상남도 테그43"
"11452",11452,"경상남도 토리키치"
"11456",11456,"경상남도 투고샐러드"
"11465",11465,"경상남도 파스타집이야"
"11468",11468,"경상남도 파파존스"
"11469",11469,"경상남도 팔각도"
"11498",11498,"경상남도 피자스톰"
"11513",11513,"경상남도 한강반점"
"11516",11516,"경상남도 한남동그집"
"11528",11528,"경상남도 할머니가래떡볶이"
"11531",11531,"경상남도 핵밥"
"11535",11535,"경상남도 형제반점"
"11543",11543,"경상남도 호화반점"
"11554",11554,"경상남도 화포식당"
"11556",11556,"경상남도 회장님댁"
"11561",11561,"경상남도 훅트포케"
"11594",11594,"제주 가장맛있는족발"
"11612",11612,"제주 계경순대국"
"11618",11618,"제주 고기한끼"
"11670",11670,"제주 난바우동"
"11678",11678,"제주 내가찜한닭"
"11680",11680,"제주 네네치킨"
"11681",11681,"제주 네모오징어"
"11686",11686,"제주 놀숲"
"11688",11688,"제주 뉴욕야시장"
"11694",11694,"제주 달떡볶이"
"11713",11713,"제주 덮밥장사장"
"11739",11739,"제주 둘둘치킨"
"11757",11757,"제주 라멘짱"
"11763",11763,"제주 라화쿵부"
"11806",11806,"제주 명가통닭"
"11833",11833,"제주 밀포유"
"11871",11871,"제주 보돌미역"
"11883",11883,"제주 봉명동내커피"
"11900",11900,"제주 비엔나커피하우스"
"11902",11902,"제주 빌리엔젤"
"11908",11908,"제주 사이공본가"
"11918",11918,"제주 새마을식당"
"11927",11927,"제주 샤브로22"
"11928",11928,"제주 채선당 샤브보트"
"11930",11930,"제주 샤이바나"
"11954",11954,"제주 숙성회136"
"11956",11956,"제주 순대실록"
"11960",11960,"제주 슈퍼커피"
"11965",11965,"제주 스쿨스토어"
"11978",11978,"제주 싸움의고수"
"12008",12008,"제주 에그셀런트"
"12010",12010,"제주 에슬로우"
"12017",12017,"제주 영동족발"
"12019",12019,"제주 옐로우피자"
"12021",12021,"제주 오늘와인한잔"
"12027",12027,"제주 오목집"
"12054",12054,"제주 용궁반점"
"12064",12064,"제주 원조감자탕"
"12066",12066,"제주 원할머니보쌈족발"
"12070",12070,"제주 육대장"
"12095",12095,"제주 인생아구찜"
"12099",12099,"제주 일품양평해장국"
"12101",12101,"제주 자담치킨"
"12117",12117,"제주 족발야시장"
"12118",12118,"제주 종로계림닭도리탕원조"
"12120",12120,"제주 종점식당"
"12126",12126,"제주 쥬씨"
"12128",12128,"제주 지지고"
"12130",12130,"제주 지호한방삼계탕"
"12147",12147,"제주 처갓집양념치킨"
"12157",12157,"제주 청담이상"
"12164",12164,"제주 춘리마라탕"
"12177",12177,"제주 카페마마스"
"12180",12180,"제주 캘리포니아피자키친"
"12185",12185,"제주 커피스미스"
"12203",12203,"제주 크리스피프레시"
"12214",12214,"제주 탐라포차"
"12220",12220,"제주 테그43"
"12221",12221,"제주 테트리스찜닭"
"12229",12229,"제주 투마리치킨"
"12231",12231,"제주 틈새라면"
"12256",12256,"제주 프랑킨숯불양념구이치킨"
"12267",12267,"제주 피자스웨그"
"12274",12274,"제주 피자파는집"
"12308",12308,"제주 호시타코야끼"
"12309",12309,"제주 호식이두마리치킨"
"12324",12324,"제주 화로상회"
"12331",12331,"제주 후쿠오카함바그"
"12338",12338,"경기 수원시 닥터로빈"
"12340",12340,"경기 수원시 투뿔등심"
"12349",12349,"경기 수원시 파리크라상"
"12351",12351,"경기 수원시 33떡볶이"
"12373",12373,"경기 수원시 강릉엄지네꼬막집"
"12378",12378,"경기 수원시 경성밥상"
"12386",12386,"경기 수원시 계절밥상"
"12413",12413,"경기 수원시 국수나무"
"12419",12419,"경기 수원시 그램그램"
"12421",12421,"경기 수원시 금별맥주"
"12424",12424,"경기 수원시 기대만족"
"12428",12428,"경기 수원시 길동우동"
"12429",12429,"경기 수원시 김가네"
"12437",12437,"경기 수원시 깡돈"
"12445",12445,"경기 수원시 남선반점"
"12458",12458,"경기 수원시 누구나홀딱반한닭"
"12474",12474,"경기 수원시 대동집"
"12481",12481,"경기 수원시 더치앤빈 수육국밥"
"12485",12485,"경기 수원시 델리커리"
"12512",12512,"경기 수원시 등촌샤브칼국수"
"12514",12514,"경기 수원시 디저트40"
"12519",12519,"경기 수원시 떡군이네 떡볶이"
"12527",12527,"경기 수원시 라떼킹"
"12535",12535,"경기 수원시 로봇김밥"
"12537",12537,"경기 수원시 롤링파스타"
"12554",12554,"경기 수원시 마왕족발"
"12555",12555,"경기 수원시 마이쥬스"
"12583",12583,"경기 수원시 명품키친"
"12585",12585,"경기 수원시 모스버거"
"12595",12595,"경기 수원시 미스사이공"
"12613",12613,"경기 수원시 반올림피자"
"12628",12628,"경기 수원시 역전우동0410"
"12661",12661,"경기 수원시 북창동순두부"
"12663",12663,"경기 수원시 불고기브라더스"
"12664",12664,"경기 수원시 불닭발땡초동대문엽기떡볶이"
"12673",12673,"경기 수원시 빌리엔젤"
"12680",12680,"경기 수원시 산동반점"
"12683",12683,"경기 수원시 삼산회관"
"12710",12710,"경기 수원시 소공동뚝배기집"
"12711",12711,"경기 수원시 소녀방앗간"
"12712",12712,"경기 수원시 소노야"
"12717",12717,"경기 수원시 손큰할매순대국"
"12719",12719,"경기 수원시 송추가마골 인어반"
"12724",12724,"경기 수원시 수지상회"
"12749",12749,"경기 수원시 싸움의고수"
"12760",12760,"경기 수원시 아사칸"
"12771",12771,"경기 수원시 얌샘김밥"
"12772",12772,"경기 수원시 양가네"
"12779",12779,"경기 수원시 에그셀런트"
"12794",12794,"경기 수원시 오니기리와이규동"
"12797",12797,"경기 수원시 오마뎅"
"12811",12811,"경기 수원시 온달집"
"12812",12812,"경기 수원시 온더보더"
"12843",12843,"경기 수원시 육쌈냉면"
"12847",12847,"경기 수원시 육칠이"
"12853",12853,"경기 수원시 이나닭강정"
"12863",12863,"경기 수원시 인생극장쪽갈비"
"12871",12871,"경기 수원시 잇티"
"12897",12897,"경기 수원시 쥬씨"
"12912",12912,"경기 수원시 찬란한아구"
"12922",12922,"경기 수원시 청년고기장수"
"12963",12963,"경기 수원시 코코이찌방야"
"12968",12968,"경기 수원시 퀴즈노스"
"12979",12979,"경기 수원시 킹콩부대찌개"
"12995",12995,"경기 수원시 토마토김밥"
"12999",12999,"경기 수원시 투다리"
"13030",13030,"경기 수원시 프레퍼스 다이어트 푸드"
"13039",13039,"경기 수원시 피자스쿨"
"13051",13051,"경기 수원시 하루엔소쿠"
"13066",13066,"경기 수원시 한우리"
"13069",13069,"경기 수원시 할매순대국"
"13075",13075,"경기 수원시 현대반점"
"13094",13094,"경기 수원시 화락바베큐치킨"
"13097",13097,"경기 수원시 황기순의홍두께손칼국수"
"13109",13109,"경기 용인시 닥터로빈"
"13121",13121,"경기 용인시 101번지 남산돈까스"
"13125",13125,"경기 용인시 7번가피자"
"13129",13129,"경기 용인시 BHC치킨"
"13140",13140,"경기 용인시 감탄계 숯불치킨"
"13148",13148,"경기 용인시 걸작떡볶이치킨"
"13151",13151,"경기 용인시 경성주막1929"
"13193",13193,"경기 용인시 금복주류"
"13206",13206,"경기 용인시 김치찜에 진심"
"13236",13236,"경기 용인시 달떡볶이"
"13237",13237,"경기 용인시 달래해장"
"13239",13239,"경기 용인시 달콤 왕가 탕후루"
"13243",13243,"경기 용인시 담소소사골순대육개장"
"13252",13252,"경기 용인시 더치앤빈 수육국밥"
"13275",13275,"경기 용인시 동화반점"
"13278",13278,"경기 용인시 두마리찜닭 두찜"
"13282",13282,"경기 용인시 드롭탑"
"13302",13302,"경기 용인시 라사천마라탕"
"13307",13307,"경기 용인시 로운 샤브샤브"
"13314",13314,"경기 용인시 리얼후라이"
"13317",13317,"경기 용인시 릴리펏"
"13319",13319,"경기 용인시 마라영웅"
"13330",13330,"경기 용인시 만족오향족발"
"13335",13335,"경기 용인시 맛닭꼬"
"13347",13347,"경기 용인시 멘부리"
"13352",13352,"경기 용인시 명륜진사갈비"
"13367",13367,"경기 용인시 미스터보쌈5378"
"13404",13404,"경기 용인시 버거앤프라이즈"
"13431",13431,"경기 용인시 북경반점"
"13445",13445,"경기 용인시 빕스"
"13447",13447,"경기 용인시 빽보이피자"
"13467",13467,"경기 용인시 생어거스틴"
"13469",13469,"경기 용인시 샤브로22"
"13470",13470,"경기 용인시 채선당 샤브보트"
"13480",13480,"경기 용인시 세븐일레븐"
"13504",13504,"경기 용인시 스시마이우"
"13513",13513,"경기 용인시 신불떡볶이"
"13515",13515,"경기 용인시 신의주찹쌀순대"
"13520",13520,"경기 용인시 싸움의고수"
"13527",13527,"경기 용인시 아라치"
"13532",13532,"경기 용인시 아오리의행방불명"
"13553",13553,"경기 용인시 엔제리너스"
"13554",13554,"경기 용인시 엠브로돈까스"
"13561",13561,"경기 용인시 옐로우피자"
"13571",13571,"경기 용인시 오봉도시락"
"13579",13579,"경기 용인시 오한수 우육면가"
"13585",13585,"경기 용인시 올스타피자"
"13587",13587,"경기 용인시 와이디푸드"
"13594",13594,"경기 용인시 요녀석"
"13598",13598,"경기 용인시 용호동낙지"
"13603",13603,"경기 용인시 우성반점"
"13610",13610,"경기 용인시 유로코피자"
"13612",13612,"경기 용인시 육대장"
"13625",13625,"경기 용인시 이남장"
"13640",13640,"경기 용인시 일미리금계찜닭"
"13645",13645,"경기 용인시 자연별곡"
"13649",13649,"경기 용인시 점심시간"
"13656",13656,"경기 용인시 제주은희네해장국"
"13671",13671,"경기 용인시 지코바치킨"
"13672",13672,"경기 용인시 지호한방삼계탕"
"13676",13676,"경기 용인시 짚신매운갈비찜"
"13680",13680,"경기 용인시 찌마기"
"13683",13683,"경기 용인시 찬란한아구"
"13684",13684,"경기 용인시 찰스숯불김밥"
"13695",13695,"경기 용인시 청년떡볶이"
"13721",13721,"경기 용인시 카페보니또"
"13729",13729,"경기 용인시 커피인류"
"13737",13737,"경기 용인시 콩카페"
"13739",13739,"경기 용인시 퀴즈노스"
"13740",13740,"경기 용인시 큐큐면관"
"13805",13805,"경기 용인시 피자나라치킨공주"
"13809",13809,"경기 용인시 피자스웨그"
"13814",13814,"경기 용인시 피자에땅"
"13817",13817,"경기 용인시 피자헛"
"13822",13822,"경기 용인시 하루엔소쿠"
"13835",13835,"경기 용인시 한옥집"
"13847",13847,"경기 용인시 현대옥"
"13860",13860,"경기 용인시 홍수계찜닭"
"13868",13868,"경기 용인시 황기순의홍두께손칼국수"
"13870",13870,"경기 용인시 효자동설렁탕"
"13884",13884,"경기 고양시 오므토토마토"
"13886",13886,"경기 고양시 리미니"
"13890",13890,"경기 고양시 키친엑스"
"13904",13904,"경기 고양시 가나점보돈까스"
"13907",13907,"경기 고양시 가장맛있는족발"
"13916",13916,"경기 고양시 강순자옛맛김치찌개"
"13924",13924,"경기 고양시 경양카츠"
"13929",13929,"경기 고양시 고기극찬"
"13932",13932,"경기 고양시 고돼지"
"13940",13940,"경기 고양시 곤트란쉐리에"
"13958",13958,"경기 고양시 군자대한곱창"
"14069",14069,"경기 고양시 라떼킹"
"14073",14073,"경기 고양시 라사천마라탕"
"14078",14078,"경기 고양시 로운 샤브샤브"
"14094",14094,"경기 고양시 마마된장"
"14095",14095,"경기 고양시 마약낙곱새"
"14117",14117,"경기 고양시 멘무샤"
"14119",14119,"경기 고양시 명가통닭"
"14122",14122,"경기 고양시 명랑시대쌀핫도그"
"14129",14129,"경기 고양시 몬스터포"
"14131",14131,"경기 고양시 무모한초밥"
"14140",14140,"경기 고양시 미스터빠삭"
"14183",14183,"경기 고양시 보나베띠"
"14208",14208,"경기 고양시 브라이트스타"
"14214",14214,"경기 고양시 빅스타피자"
"14226",14226,"경기 고양시 삼첩분식"
"14239",14239,"경기 고양시 생활맥주"
"14241",14241,"경기 고양시 채선당 샤브보트"
"14242",14242,"경기 고양시 샤오바오"
"14252",14252,"경기 고양시 소공동뚝배기집"
"14256",14256,"경기 고양시 소림마라"
"14261",14261,"경기 고양시 송추가마골 인어반"
"14267",14267,"경기 고양시 숙성회136"
"14269",14269,"경기 고양시 순대실록"
"14276",14276,"경기 고양시 스시웨이"
"14277",14277,"경기 고양시 스시화"
"14283",14283,"경기 고양시 신룽푸마라탕"
"14284",14284,"경기 고양시 신불떡볶이"
"14285",14285,"경기 고양시 신선설농탕"
"14298",14298,"경기 고양시 아라치"
"14322",14322,"경기 고양시 에머이"
"14331",14331,"경기 고양시 영화반점"
"14333",14333,"경기 고양시 오구본가"
"14343",14343,"경기 고양시 오봉집"
"14345",14345,"경기 고양시 오븐에빠진닭"
"14365",14365,"경기 고양시 요녀석"
"14374",14374,"경기 고양시 우성반점"
"14375",14375,"경기 고양시 우이락"
"14396",14396,"경기 고양시 이남장"
"14399",14399,"경기 고양시 이삭토스트"
"14407",14407,"경기 고양시 인생설렁탕"
"14434",14434,"경기 고양시 죠샌드위치"
"14443",14443,"경기 고양시 지호한방삼계탕"
"14466",14466,"경기 고양시 청년떡볶이"
"14477",14477,"경기 고양시 춘리마라탕"
"14480",14480,"경기 고양시 치치"
"14485",14485,"경기 고양시 치킨선생"
"14492",14492,"경기 고양시 카페보니또"
"14505",14505,"경기 고양시 코코이찌방야"
"14520",14520,"경기 고양시 킹콩떡볶이"
"14521",14521,"경기 고양시 킹콩부대찌개"
"14535",14535,"경기 고양시 토리아에즈"
"14536",14536,"경기 고양시 토리키치"
"14559",14559,"경기 고양시 포메인"
"14571",14571,"경기 고양시 프레드피자"
"14588",14588,"경기 고양시 피자헛"
"14593",14593,"경기 고양시 하루엔소쿠"
"14596",14596,"경기 고양시 학사주점"
"14598",14598,"경기 고양시 한결보쌈"
"14622",14622,"경기 고양시 호식이두마리치킨"
"14624",14624,"경기 고양시 호치킨"
"14630",14630,"경기 고양시 홍대쌀국수"
"14634",14634,"경기 고양시 홍콩반점0410"
"14665",14665,"경기 성남시 60계 치킨"
"14676",14676,"경기 성남시 가마로강정"
"14681",14681,"경기 성남시 감탄떡볶이"
"14696",14696,"경기 성남시 계경순대국"
"14700",14700,"경기 성남시 고기극찬"
"14711",14711,"경기 성남시 곤트란쉐리에"
"14766",14766,"경기 성남시 네모푸드"
"14777",14777,"경기 성남시 단골손님"
"14792",14792,"경기 성남시 더벤티"
"14798",14798,"경기 성남시 델리커리"
"14818",14818,"경기 성남시 돼지게티"
"14830",14830,"경기 성남시 따띠삼겹"
"14833",14833,"경기 성남시 떡볶이참잘하는집 떡참"
"14843",14843,"경기 성남시 라밥"
"14845",14845,"경기 성남시 라와마라탕"
"14848",14848,"경기 성남시 로봇김밥"
"14882",14882,"경기 성남시 먼슬리키친"
"14884",14884,"경기 성남시 메가MGC커피"
"14886",14886,"경기 성남시 메콩타이"
"14893",14893,"경기 성남시 명랑시대쌀핫도그"
"14897",14897,"경기 성남시 모랑해물솥밥"
"14902",14902,"경기 성남시 무모한초밥"
"14903",14903,"경기 성남시 무쏘"
"14912",14912,"경기 성남시 미스터피자"
"14947",14947,"경기 성남시 버거킹"
"14952",14952,"경기 성남시 베키아에누보"
"14958",14958,"경기 성남시 보승회관"
"14960",14960,"경기 성남시 본도시락"
"14997",14997,"경기 성남시 삼첩분식"
"14998",14998,"경기 성남시 삼청당"
"15013",15013,"경기 성남시 샤오바오"
"15021",15021,"경기 성남시 세광양대창"
"15025",15025,"경기 성남시 소노야"
"15034",15034,"경기 성남시 수다"
"15095",15095,"경기 성남시 엔제리너스"
"15116",15116,"경기 성남시 오븐에빠진닭"
"15117",15117,"경기 성남시 오사카우동"
"15133",15133,"경기 성남시 완산골명가"
"15134",15134,"경기 성남시 왕손피자"
"15139",15139,"경기 성남시 용용선생"
"15144",15144,"경기 성남시 우리할매떡볶이"
"15149",15149,"경기 성남시 원조부안집"
"15155",15155,"경기 성남시 팔도국밥 육수당"
"15165",15165,"경기 성남시 응급실국물떡볶이"
"15171",15171,"경기 성남시 이유치킨"
"15178",15178,"경기 성남시 인생설렁탕"
"15222",15222,"경기 성남시 찌마기"
"15230",15230,"경기 성남시 채육식당"
"15242",15242,"경기 성남시 청춘닭꼬치"
"15256",15256,"경기 성남시 치킨선생"
"15272",15272,"경기 성남시 컬투치킨"
"15286",15286,"경기 성남시 크리스탈제이드"
"15288",15288,"경기 성남시 큰맘할매순대국"
"15294",15294,"경기 성남시 타코박스"
"15298",15298,"경기 성남시 탐라포차"
"15321",15321,"경기 성남시 파스토보이"
"15325",15325,"경기 성남시 팔공티"
"15327",15327,"경기 성남시 펀비어킹"
"15358",15358,"경기 성남시 피자파는집"
"15382",15382,"경기 성남시 할매순대국"
"15385",15385,"경기 성남시 해피스푼"
"15395",15395,"경기 성남시 호치킨"
"15396",15396,"경기 성남시 호토모토"
"15402",15402,"경기 성남시 홍수계찜닭"
"15405",15405,"경기 성남시 홍콩반점0410"
"15417",15417,"경기 성남시 훌랄라 참숯바베큐치킨"
"15418",15418,"경기 성남시 흥부찜닭"
"15419",15419,"경기 성남시 히노아지"
"15421",15421,"경기 화성시 아웃백"
"15431",15431,"경기 화성시 커핀그루나루"
"15436",15436,"경기 화성시 60계 치킨"
"15438",15438,"경기 화성시 7번가피자"
"15458",15458,"경기 화성시 강순자옛맛김치찌개"
"15464",15464,"경기 화성시 경성주막1929"
"15469",15469,"경기 화성시 계림원"
"15478",15478,"경기 화성시 고봉민김밥인"
"15492",15492,"경기 화성시 구도로통닭"
"15494",15494,"경기 화성시 구름계란덮밥"
"15508",15508,"경기 화성시 기대만족"
"15533",15533,"경기 화성시 내가찜한닭"
"15543",15543,"경기 화성시 뉴욕야시장"
"15552",15552,"경기 화성시 달콤 왕가 탕후루"
"15553",15553,"경기 화성시 달콤커피"
"15555",15555,"경기 화성시 담꾹"
"15556",15556,"경기 화성시 담소소사골순대육개장"
"15559",15559,"경기 화성시 대림국수"
"15571",15571,"경기 화성시 도미노피자"
"15583",15583,"경기 화성시 동대문엽기떡볶이"
"15605",15605,"경기 화성시 또래오래"
"15612",15612,"경기 화성시 라멘짱"
"15614",15614,"경기 화성시 라밥"
"15622",15622,"경기 화성시 롸버트치킨"
"15642",15642,"경기 화성시 만복국수"
"15654",15654,"경기 화성시 메가박스"
"15664",15664,"경기 화성시 명랑시대쌀핫도그"
"15668",15668,"경기 화성시 모랑해물솥밥"
"15670",15670,"경기 화성시 목로주점"
"15674",15674,"경기 화성시 무쏘"
"15676",15676,"경기 화성시 미라클푸드"
"15679",15679,"경기 화성시 미스사이공"
"15680",15680,"경기 화성시 미스터보쌈5378"
"15685",15685,"경기 화성시 미친피자"
"15686",15686,"경기 화성시 미카도스시"
"15687",15687,"경기 화성시 미태리"
"15689",15689,"경기 화성시 바나프레소"
"15700",15700,"경기 화성시 발재반점"
"15705",15705,"경기 화성시 배달삼겹 직구삼"
"15725",15725,"경기 화성시 보나베띠"
"15732",15732,"경기 화성시 본래순대"
"15734",15734,"경기 화성시 본스치킨"
"15738",15738,"경기 화성시 봉명동내커피"
"15743",15743,"경기 화성시 부엉이돈가스"
"15745",15745,"경기 화성시 북창동순두부"
"15772",15772,"경기 화성시 상해반점"
"15788",15788,"경기 화성시 서울반점"
"15796",15796,"경기 화성시 소노야"
"15827",15827,"경기 화성시 신선설농탕"
"15833",15833,"경기 화성시 싸움의고수"
"15835",15835,"경기 화성시 쌀통닭"
"15882",15882,"경기 화성시 오목집"
"15893",15893,"경기 화성시 옥소반"
"15914",15914,"경기 화성시 우리반점"
"15923",15923,"경기 화성시 유로코피자"
"15977",15977,"경기 화성시 죠스떡볶이"
"15998",15998,"경기 화성시 참이맛감자탕"
"16003",16003,"경기 화성시 천호용궁알탕"
"16010",16010,"경기 화성시 청년피자"
"16017",16017,"경기 화성시 최고당돈가스"
"16024",16024,"경기 화성시 치킨더홈"
"16027",16027,"경기 화성시 치킨선생"
"16031",16031,"경기 화성시 카모메"
"16034",16034,"경기 화성시 카페보니또"
"16039",16039,"경기 화성시 커피사피엔스"
"16048",16048,"경기 화성시 콩부자"
"16049",16049,"경기 화성시 콩심"
"16065",16065,"경기 화성시 타코박스"
"16070",16070,"경기 화성시 탐앤탐스"
"16077",16077,"경기 화성시 토리아에즈"
"16078",16078,"경기 화성시 토리키치"
"16099",16099,"경기 화성시 페리카나"
"16113",16113,"경기 화성시 프레드피자"
"16143",16143,"경기 화성시 한사리감자탕&뼈구이"
"16146",16146,"경기 화성시 한신우동"
"16161",16161,"경기 화성시 형제반점"
"16176",16176,"경기 화성시 홍콩반점0410"
"16181",16181,"경기 화성시 황기순의홍두께손칼국수"
"16185",16185,"경기 화성시 후라토식당"
"16186",16186,"경기 화성시 후쿠오카함바그"
"16209",16209,"경기 부천시 7번가피자"
"16236",16236,"경기 부천시 경아식당"
"16261",16261,"경기 부천시 교촌치킨"
"16306",16306,"경기 부천시 네네치킨"
"16328",16328,"경기 부천시 대독장"
"16329",16329,"경기 부천시 대동집"
"16333",16333,"경기 부천시 대한냉면"
"16336",16336,"경기 부천시 더치앤빈 수육국밥"
"16337",16337,"경기 부천시 던킨"
"16340",16340,"경기 부천시 델리커리"
"16351",16351,"경기 부천시 동경규동"
"16353",16353,"경기 부천시 동근이숯불두마리치킨"
"16386",16386,"경기 부천시 라사천마라탕"
"16391",16391,"경기 부천시 로운 샤브샤브"
"16401",16401,"경기 부천시 릴리펏"
"16402",16402,"경기 부천시 마라공방"
"16411",16411,"경기 부천시 마케집"
"16414",16414,"경기 부천시 만족오향족발"
"16432",16432,"경기 부천시 명가통닭"
"16441",16441,"경기 부천시 목로주점"
"16468",16468,"경기 부천시 반올림피자"
"16471",16471,"경기 부천시 발재반점"
"16475",16475,"경기 부천시 배달삼겹돼지되지"
"16485",16485,"경기 부천시 뱃살도둑"
"16490",16490,"경기 부천시 버텍스"
"16491",16491,"경기 부천시 번개반점"
"16501",16501,"경기 부천시 본가"
"16532",16532,"경기 부천시 사미반점"
"16537",16537,"경기 부천시 삼백집"
"16548",16548,"경기 부천시 샐러디"
"16568",16568,"경기 부천시 소담촌"
"16570",16570,"경기 부천시 소바애"
"16573",16573,"경기 부천시 솥솥"
"16583",16583,"경기 부천시 순살만공격"
"16593",16593,"경기 부천시 슬로우캘리"
"16595",16595,"경기 부천시 식껍"
"16606",16606,"경기 부천시 쌀통닭"
"16618",16618,"경기 부천시 아웃백스테이크하우스"
"16621",16621,"경기 부천시 안주백화점"
"16629",16629,"경기 부천시 양산도"
"16636",16636,"경기 부천시 에슬로우"
"16669",16669,"경기 부천시 올스타피자"
"16670",16670,"경기 부천시 와라와라"
"16673",16673,"경기 부천시 완미족발"
"16678",16678,"경기 부천시 요녀석"
"16681",16681,"경기 부천시 용용선생"
"16693",16693,"경기 부천시 유가네닭갈비"
"16706",16706,"경기 부천시 음식백화점"
"16712",16712,"경기 부천시 이삭토스트"
"16726",16726,"경기 부천시 잇티"
"16729",16729,"경기 부천시 자연별곡"
"16732",16732,"경기 부천시 저스트텐동"
"16733",16733,"경기 부천시 점심시간"
"16740",16740,"경기 부천시 제주은희네해장국"
"16741",16741,"경기 부천시 제줏간"
"16746",16746,"경기 부천시 종점식당"
"16747",16747,"경기 부천시 죠샌드위치"
"16748",16748,"경기 부천시 죠스떡볶이"
"16775",16775,"경기 부천시 철길부산집"
"16782",16782,"경기 부천시 청담동마녀김밥"
"16786",16786,"경기 부천시 초이다이닝"
"16791",16791,"경기 부천시 취향마라"
"16798",16798,"경기 부천시 치킨선생"
"16808",16808,"경기 부천시 커피니"
"16830",16830,"경기 부천시 큰맘할매순대국"
"16844",16844,"경기 부천시 태화반점"
"16850",16850,"경기 부천시 토마토김밥"
"16860",16860,"경기 부천시 파스쿠찌"
"16865",16865,"경기 부천시 파파존스"
"16869",16869,"경기 부천시 펀비어킹"
"16874",16874,"경기 부천시 포베이"
"16886",16886,"경기 부천시 플라잉볼"
"16890",16890,"경기 부천시 피자마루"
"16917",16917,"경기 부천시 한신우동"
"16926",16926,"경기 부천시 해장쿡"
"16928",16928,"경기 부천시 핵밥"
"16930",16930,"경기 부천시 현대반점"
"16931",16931,"경기 부천시 현대옥"
"16938",16938,"경기 부천시 호토모토"
"16945",16945,"경기 부천시 홍짜장"
"16959",16959,"경기 부천시 훌랄라 참숯바베큐치킨"
"16968",16968,"경기 남양주시 오므토토마토"
"16987",16987,"경기 남양주시 테이스티나인홈"
"16989",16989,"경기 남양주시 가마로강정"
"17020",17020,"경기 남양주시 고봉민김밥인"
"17042",17042,"경기 남양주시 군자대한곱창"
"17053",17053,"경기 남양주시 긴자료코"
"17055",17055,"경기 남양주시 김가네"
"17062",17062,"경기 남양주시 깐부치킨"
"17074",17074,"경기 남양주시 남자피자"
"17079",17079,"경기 남양주시 네모푸드"
"17085",17085,"경기 남양주시 뉴욕야시장"
"17090",17090,"경기 남양주시 단골손님"
"17091",17091,"경기 남양주시 달떡볶이"
"17098",17098,"경기 남양주시 담소소사골순대육개장"
"17101",17101,"경기 남양주시 대림국수"
"17115",17115,"경기 남양주시 돈까스짱"
"17138",17138,"경기 남양주시 등촌샤브칼국수"
"17148",17148,"경기 남양주시 또봉이통닭"
"17152",17152,"경기 남양주시 라그릴리아"
"17162",17162,"경기 남양주시 로운 샤브샤브"
"17173",17173,"경기 남양주시 마라공방"
"17203",17203,"경기 남양주시 명가통닭"
"17226",17226,"경기 남양주시 미아리우동집"
"17245",17245,"경기 남양주시 배달돼지"
"17246",17246,"경기 남양주시 배달삼겹돼지되지"
"17265",17265,"경기 남양주시 베키아에누보"
"17286",17286,"경기 남양주시 북경반점"
"17288",17288,"경기 남양주시 북촌손만두"
"17290",17290,"경기 남양주시 불닭발땡초동대문엽기떡볶이"
"17302",17302,"경기 남양주시 빽보이피자"
"17312",17312,"경기 남양주시 삼형제김밥"
"17323",17323,"경기 남양주시 생활맥주"
"17335",17335,"경기 남양주시 세븐일레븐"
"17352",17352,"경기 남양주시 순남시래기"
"17361",17361,"경기 남양주시 스시화"
"17366",17366,"경기 남양주시 식껍"
"17375",17375,"경기 남양주시 싸움의고수"
"17379",17379,"경기 남양주시 썬더치킨"
"17400",17400,"경기 남양주시 양산도"
"17419",17419,"경기 남양주시 오늘통닭"
"17428",17428,"경기 남양주시 오븐마루치킨"
"17443",17443,"경기 남양주시 와플반트"
"17451",17451,"경기 남양주시 용궁반점"
"17456",17456,"경기 남양주시 우리반점"
"17483",17483,"경기 남양주시 이삭토스트"
"17510",17510,"경기 남양주시 제일제면소"
"17519",17519,"경기 남양주시 죠스떡볶이"
"17521",17521,"경기 남양주시 중앙반점"
"17522",17522,"경기 남양주시 중화가정"
"17523",17523,"경기 남양주시 쥬씨"
"17530",17530,"경기 남양주시 집밥e선생"
"17538",17538,"경기 남양주시 찬란한아구"
"17542",17542,"경기 남양주시 채선당"
"17544",17544,"경기 남양주시 처갓집양념치킨"
"17552",17552,"경기 남양주시 청년피자"
"17557",17557,"경기 남양주시 초이다이닝"
"17574",17574,"경기 남양주시 카페마마스"
"17579",17579,"경기 남양주시 커피니"
"17605",17605,"경기 남양주시 킹콩부대찌개"
"17607",17607,"경기 남양주시 타코박스"
"17610",17610,"경기 남양주시 탐나종합어시장"
"17613",17613,"경기 남양주시 탕화쿵푸마라탕"
"17615",17615,"경기 남양주시 태화반점"
"17618",17618,"경기 남양주시 테트리스찜닭"
"17636",17636,"경기 남양주시 파파존스"
"17659",17659,"경기 남양주시 피슈마라홍탕"
"17660",17660,"경기 남양주시 피자나라치킨공주"
"17686",17686,"경기 남양주시 한솥도시락"
"17702",17702,"경기 남양주시 현대옥"
"17717",17717,"경기 남양주시 홍춘천치즈닭갈비"
"17718",17718,"경기 남양주시 홍콩반점0410"
"17736",17736,"경기 안산시 롯데리아"
"17740",17740,"경기 안산시 스쿨푸드"
"17742",17742,"경기 안산시 철판&부대찌개 브라더스"
"17753",17753,"경기 안산시 88옛날통닭"
"17760",17760,"경기 안산시 가마로강정"
"17761",17761,"경기 안산시 가마치통닭"
"17771",17771,"경기 안산시 강순자옛맛김치찌개"
"17774",17774,"경기 안산시 걸작떡볶이치킨"
"17783",17783,"경기 안산시 계절밥상"
"17791",17791,"경기 안산시 고봉민김밥인"
"17803",17803,"경기 안산시 교촌치킨"
"17816",17816,"경기 안산시 그램그램"
"17818",17818,"경기 안산시 금별맥주"
"17850",17850,"경기 안산시 네모푸드"
"17854",17854,"경기 안산시 놀숲"
"17855",17855,"경기 안산시 누구나홀딱반한닭"
"17864",17864,"경기 안산시 달링스테이크"
"17876",17876,"경기 안산시 더벤티"
"17877",17877,"경기 안산시 더진국 수육국밥"
"17879",17879,"경기 안산시 던킨"
"17881",17881,"경기 안산시 덮밥장사장"
"17883",17883,"경기 안산시 도로시파스타"
"17890",17890,"경기 안산시 돈카츠마켈"
"17894",17894,"경기 안산시 동궁찜닭"
"17897",17897,"경기 안산시 동래정"
"17906",17906,"경기 안산시 두찜"
"17916",17916,"경기 안산시 떡군이네 떡볶이"
"17931",17931,"경기 안산시 라화쿵부"
"17937",17937,"경기 안산시 리김밥"
"17951",17951,"경기 안산시 마왕족발"
"17955",17955,"경기 안산시 만복국수"
"17977",17977,"경기 안산시 명랑시대쌀핫도그"
"17990",17990,"경기 안산시 미분당"
"17995",17995,"경기 안산시 미스터빠삭"
"18000",18000,"경기 안산시 미태리"
"18003",18003,"경기 안산시 바다수퍼해물천하조개구이"
"18012",18012,"경기 안산시 반포식스"
"18019",18019,"경기 안산시 배달의쌀국수"
"18026",18026,"경기 안산시 백채김치찌개"
"18028",18028,"경기 안산시 버거리"
"18053",18053,"경기 안산시 부라더키친"
"18057",18057,"경기 안산시 북경반점"
"18071",18071,"경기 안산시 빕스"
"18085",18085,"경기 안산시 상해반점"
"18089",18089,"경기 안산시 샐러드박스"
"18109",18109,"경기 안산시 소노야"
"18120",18120,"경기 안산시 수유리혼밥왕"
"18122",18122,"경기 안산시 숙성회136"
"18152",18152,"경기 안산시 아딸"
"18160",18160,"경기 안산시 아웃백스테이크하우스"
"18168",18168,"경기 안산시 얌샘김밥"
"18169",18169,"경기 안산시 양가네"
"18174",18174,"경기 안산시 엉터리생고기"
"18213",18213,"경기 안산시 와이디푸드"
"18219",18219,"경기 안산시 요거프레소"
"18224",18224,"경기 안산시 용호동낙지"
"18232",18232,"경기 안산시 원조감자탕"
"18241",18241,"경기 안산시 육이구낙곱새"
"18242",18242,"경기 안산시 육전국밥"
"18262",18262,"경기 안산시 인생설렁탕"
"18267",18267,"경기 안산시 일품양평해장국"
"18294",18294,"경기 안산시 쥬씨"
"18299",18299,"경기 안산시 직화한상"
"18323",18323,"경기 안산시 청년피자"
"18347",18347,"경기 안산시 카페보니또"
"18349",18349,"경기 안산시 커스텀커피"
"18351",18351,"경기 안산시 커피베이"
"18363",18363,"경기 안산시 콩카페"
"18376",18376,"경기 안산시 킹콩부대찌개"
"18411",18411,"경기 안산시 펀비어킹"
"18412",18412,"경기 안산시 페리카나"
"18414",18414,"경기 안산시 포메인"
"18426",18426,"경기 안산시 프레드피자"
"18432",18432,"경기 안산시 피자마루"
"18434",18434,"경기 안산시 피자선생"
"18445",18445,"경기 안산시 피제이피자"
"18446",18446,"경기 안산시 하남돼지집"
"18465",18465,"경기 안산시 할리스"
"18470",18470,"경기 안산시 핵밥"
"18476",18476,"경기 안산시 호시타코야끼"
"18478",18478,"경기 안산시 호우섬"
"18486",18486,"경기 안산시 홍수계찜닭"
"18493",18493,"경기 안산시 화포식당"
"18497",18497,"경기 안산시 후라이드참잘하는집"
"18509",18509,"경기 평택시 스폰티니"
"18511",18511,"경기 평택시 스쿨푸드"
"18515",18515,"경기 평택시 커핀그루나루"
"18516",18516,"경기 평택시 키친엑스"
"18519",18519,"경기 평택시 33떡볶이"
"18522",18522,"경기 평택시 7번가피자"
"18530",18530,"경기 평택시 가나점보돈까스"
"18534",18534,"경기 평택시 가츠몽"
"18541",18541,"경기 평택시 강릉엄지네꼬막집"
"18581",18581,"경기 평택시 국수나무"
"18585",18585,"경기 평택시 굽네치킨"
"18588",18588,"경기 평택시 그리너"
"18611",18611,"경기 평택시 남다른감자탕"
"18619",18619,"경기 평택시 네네치킨"
"18627",18627,"경기 평택시 뉴욕야시장"
"18632",18632,"경기 평택시 단골손님"
"18642",18642,"경기 평택시 대동집"
"18651",18651,"경기 평택시 덮다"
"18652",18652,"경기 평택시 덮밥장사장"
"18653",18653,"경기 평택시 델리커리"
"18663",18663,"경기 평택시 돌우물"
"18680",18680,"경기 평택시 등촌샤브칼국수"
"18688",18688,"경기 평택시 떡볶이참잘하는집 떡참"
"18701",18701,"경기 평택시 라홍방마라탕"
"18705",18705,"경기 평택시 롤링파스타"
"18713",18713,"경기 평택시 리틀하노이"
"18716",18716,"경기 평택시 마라영웅"
"18729",18729,"경기 평택시 맘스터치"
"18767",18767,"경기 평택시 미스터피자"
"18771",18771,"경기 평택시 미태리"
"18773",18773,"경기 평택시 바나프레소"
"18779",18779,"경기 평택시 바푸리포"
"18781",18781,"경기 평택시 반올림피자"
"18795",18795,"경기 평택시 백억커피"
"18806",18806,"경기 평택시 범맥주"
"18811",18811,"경기 평택시 보드람치킨"
"18812",18812,"경기 평택시 보배반점"
"18828",18828,"경기 평택시 북경반점"
"18829",18829,"경기 평택시 북창동순두부"
"18831",18831,"경기 평택시 불고기브라더스"
"18851",18851,"경기 평택시 삼산회관"
"18853",18853,"경기 평택시 삼청당"
"18862",18862,"경기 평택시 샐러리아"
"18864",18864,"경기 평택시 생어거스틴"
"18890",18890,"경기 평택시 수유리우동집"
"18930",18930,"경기 평택시 아우어베이커리"
"18936",18936,"경기 평택시 알콩다방"
"18957",18957,"경기 평택시 영화반점"
"18969",18969,"경기 평택시 오봉집"
"18980",18980,"경기 평택시 온더보더"
"19005",19005,"경기 평택시 원할머니보쌈족발"
"19012",19012,"경기 평택시 육이구낙곱새"
"19014",19014,"경기 평택시 육첩반상"
"19017",19017,"경기 평택시 윤이불닭발"
"19028",19028,"경기 평택시 이태리부대찌개"
"19041",19041,"경기 평택시 자마버거"
"19044",19044,"경기 평택시 잭슨피자"
"19062",19062,"경기 평택시 죽이야기"
"19068",19068,"경기 평택시 지코바치킨"
"19071",19071,"경기 평택시 진땡이"
"19075",19075,"경기 평택시 짬뽕지존"
"19081",19081,"경기 평택시 찰스숯불김밥"
"19082",19082,"경기 평택시 참이맛감자탕"
"19084",19084,"경기 평택시 채선당"
"19088",19088,"경기 평택시 철길부산집"
"19096",19096,"경기 평택시 청담이상"
"19107",19107,"경기 평택시 치킨더비"
"19108",19108,"경기 평택시 치킨더홈"
"19138",19138,"경기 평택시 크라운호프"
"19144",19144,"경기 평택시 큰집닭강정"
"19155",19155,"경기 평택시 탕화쿵푸마라탕"
"19158",19158,"경기 평택시 택이네조개전골"
"19184",19184,"경기 평택시 평화반점"
"19187",19187,"경기 평택시 포베이"
"19209",19209,"경기 평택시 피자알볼로"
"19222",19222,"경기 평택시 학사주점"
"19226",19226,"경기 평택시 한남동그집"
"19252",19252,"경기 평택시 호호반점"
"19254",19254,"경기 평택시 혼밥대왕"
"19260",19260,"경기 평택시 홍콩반점0410"
"19289",19289,"경기 안양시 101번지 남산돈까스"
"19298",19298,"경기 안양시 KFC"
"19304",19304,"경기 안양시 가장맛있는족발"
"19307",19307,"경기 안양시 감탄떡볶이"
"19314",19314,"경기 안양시 피자생각"
"19324",19324,"경기 안양시 계림원"
"19327",19327,"경기 안양시 고기싸롱"
"19334",19334,"경기 안양시 고씨네"
"19336",19336,"경기 안양시 고향반점"
"19346",19346,"경기 안양시 구구족"
"19361",19361,"경기 안양시 금복주류"
"19365",19365,"경기 안양시 기영이 숯불두마리치킨"
"19383",19383,"경기 안양시 남도분식"
"19393",19393,"경기 안양시 노랑통닭"
"19401",19401,"경기 안양시 다다코리아"
"19415",19415,"경기 안양시 대성반점"
"19420",19420,"경기 안양시 더치앤빈 수육국밥"
"19424",19424,"경기 안양시 델리커리"
"19429",19429,"경기 안양시 돈까스회관"
"19433",19433,"경기 안양시 돌배기집"
"19482",19482,"경기 안양시 리얼후라이"
"19485",19485,"경기 안양시 릴리펏"
"19498",19498,"경기 안양시 만족오향족발"
"19499",19499,"경기 안양시 말뚝곱창"
"19532",19532,"경기 안양시 미분당"
"19544",19544,"경기 안양시 바나프레소"
"19556",19556,"경기 안양시 밥풀릭스"
"19557",19557,"경기 안양시 밥플러스"
"19566",19566,"경기 안양시 백억커피"
"19572",19572,"경기 안양시 버거앤프라이즈"
"19574",19574,"경기 안양시 버텍스"
"19576",19576,"경기 안양시 벌떡"
"19584",19584,"경기 안양시 보승회관"
"19594",19594,"경기 안양시 봉추찜닭"
"19603",19603,"경기 안양시 불닭발땡초동대문엽기떡볶이"
"19643",19643,"경기 안양시 서울반점"
"19654",19654,"경기 안양시 소바애"
"19656",19656,"경기 안양시 손큰할매순대국"
"19701",19701,"경기 안양시 아우어베이커리"
"19704",19704,"경기 안양시 아재커피"
"19706",19706,"경기 안양시 알촌"
"19713",19713,"경기 안양시 양산도"
"19721",19721,"경기 안양시 엔제리너스"
"19738",19738,"경기 안양시 오복수산"
"19740",19740,"경기 안양시 오봉집"
"19751",19751,"경기 안양시 온더보더"
"19758",19758,"경기 안양시 완백부대찌개 삼겹살"
"19760",19760,"경기 안양시 왕손피자"
"19766",19766,"경기 안양시 용호동낙지"
"19776",19776,"경기 안양시 원할머니보쌈족발"
"19789",19789,"경기 안양시 은행골"
"19793",19793,"경기 안양시 이남장"
"19796",19796,"경기 안양시 이삭토스트"
"19798",19798,"경기 안양시 이차돌"
"19848",19848,"경기 안양시 찌마기"
"19871",19871,"경기 안양시 초장집"
"19872",19872,"경기 안양시 최고당돈가스"
"19874",19874,"경기 안양시 춘리마라탕"
"19882",19882,"경기 안양시 치킨선생"
"19883",19883,"경기 안양시 치킨플러스"
"19887",19887,"경기 안양시 카페마마스"
"19893",19893,"경기 안양시 커피베이"
"19897",19897,"경기 안양시 커피인류"
"19914",19914,"경기 안양시 큰맘할매순대국"
"19915",19915,"경기 안양시 큰집닭강정"
"19916",19916,"경기 안양시 킹부대찌개"
"19924",19924,"경기 안양시 탐라포차"
"19927",19927,"경기 안양시 태리로제떡볶이&닭강정"
"19928",19928,"경기 안양시 태화반점"
"19940",19940,"경기 안양시 투썸플레이스"
"19947",19947,"경기 안양시 파스토보이"
"19960",19960,"경기 안양시 포아이니"
"19976",19976,"경기 안양시 피자선생"
"19985",19985,"경기 안양시 피자헛"
"19988",19988,"경기 안양시 하남돼지집"
"20013",20013,"경기 안양시 행복은간장밥"
"20017",20017,"경기 안양시 호랑이초밥"
"20020",20020,"경기 안양시 호우섬"
"20023",20023,"경기 안양시 호호반점"
"20065",20065,"경기 시흥시 88로타리집"
"20072",20072,"경기 시흥시 가나점보돈까스"
"20077",20077,"경기 시흥시 감성커피"
"20078",20078,"경기 시흥시 감탄떡볶이"
"20081",20081,"경기 시흥시 강남면옥"
"20086",20086,"경기 시흥시 거기시켜 덮밥&간식"
"20109",20109,"경기 시흥시 곱깨비"
"20113",20113,"경기 시흥시 광수육회"
"20141",20141,"경기 시흥시 김복남맥주"
"20142",20142,"경기 시흥시 김뿌라"
"20150",20150,"경기 시흥시 나누다키친"
"20154",20154,"경기 시흥시 남도분식"
"20185",20185,"경기 시흥시 대림국수"
"20201",20201,"경기 시흥시 돈치킨"
"20203",20203,"경기 시흥시 돈카츠마켈"
"20210",20210,"경기 시흥시 동래정"
"20212",20212,"경기 시흥시 동원참치"
"20234",20234,"경기 시흥시 뜸들이다"
"20240",20240,"경기 시흥시 라밥"
"20242",20242,"경기 시흥시 라와마라탕"
"20268",20268,"경기 시흥시 만복국수"
"20291",20291,"경기 시흥시 명륜진사갈비"
"20296",20296,"경기 시흥시 목로주점"
"20305",20305,"경기 시흥시 미스사이공"
"20346",20346,"경기 시흥시 번개반점"
"20348",20348,"경기 시흥시 범맥주"
"20353",20353,"경기 시흥시 보드람치킨"
"20357",20357,"경기 시흥시 본도시락"
"20370",20370,"경기 시흥시 북경반점"
"20380",20380,"경기 시흥시 비스트로피자"
"20387",20387,"경기 시흥시 사미반점"
"20392",20392,"경기 시흥시 삼백집"
"20417",20417,"경기 시흥시 설빙"
"20422",20422,"경기 시흥시 소노야"
"20464",20464,"경기 시흥시 씨제이프레시웨이"
"20465",20465,"경기 시흥시 아딸"
"20489",20489,"경기 시흥시 에그셀런트"
"20493",20493,"경기 시흥시 엠브로돈까스"
"20502",20502,"경기 시흥시 오늘와인한잔"
"20506",20506,"경기 시흥시 오로지라멘"
"20519",20519,"경기 시흥시 옥소반"
"20526",20526,"경기 시흥시 와이디푸드"
"20535",20535,"경기 시흥시 용궁반점"
"20538",20538,"경기 시흥시 우된장"
"20544",20544,"경기 시흥시 원기정"
"20553",20553,"경기 시흥시 육쌈냉면"
"20554",20554,"경기 시흥시 육이구낙곱새"
"20571",20571,"경기 시흥시 이화수전통육개장"
"20581",20581,"경기 시흥시 잇티"
"20583",20583,"경기 시흥시 자마버거"
"20597",20597,"경기 시흥시 조선부뚜막"
"20633",20633,"경기 시흥시 청년다방"
"20635",20635,"경기 시흥시 청년치킨"
"20648",20648,"경기 시흥시 치치"
"20664",20664,"경기 시흥시 커피베이"
"20672",20672,"경기 시흥시 코바코"
"20693",20693,"경기 시흥시 탄탄면공방"
"20695",20695,"경기 시흥시 탐라포차"
"20715",20715,"경기 시흥시 파스쿠찌"
"20730",20730,"경기 시흥시 포보스"
"20742",20742,"경기 시흥시 플러스82"
"20747",20747,"경기 시흥시 피자선생"
"20749",20749,"경기 시흥시 피자스쿨"
"20762",20762,"경기 시흥시 하이카오산"
"20765",20765,"경기 시흥시 한강반점"
"20784",20784,"경기 시흥시 행복은간장밥"
"20791",20791,"경기 시흥시 호우섬"
"20802",20802,"경기 시흥시 홍콩반점0410"
"20807",20807,"경기 시흥시 황기순의홍두께손칼국수"
"20810",20810,"경기 시흥시 후라이드참잘하는집"
"20817",20817,"경기 시흥시 힘난다버거"
"20822",20822,"경기 파주시 스폰티니"
"20856",20856,"경기 파주시 피자생각"
"20867",20867,"경기 파주시 계절밥상"
"20877",20877,"경기 파주시 고피자"
"20881",20881,"경기 파주시 곱분이곱창"
"20898",20898,"경기 파주시 굽네치킨"
"20900",20900,"경기 파주시 그램그램"
"20902",20902,"경기 파주시 금별맥주"
"20949",20949,"경기 파주시 달콤 왕가 탕후루"
"20958",20958,"경기 파주시 대패상회"
"20979",20979,"경기 파주시 동근이숯불두마리치킨"
"20993",20993,"경기 파주시 등촌샤브칼국수"
"20996",20996,"경기 파주시 디초콜릿커피"
"21000",21000,"경기 파주시 떡군이네 떡볶이"
"21004",21004,"경기 파주시 뚱스밥버거"
"21014",21014,"경기 파주시 라홍방마라탕"
"21019",21019,"경기 파주시 롸버트치킨"
"21050",21050,"경기 파주시 먼슬리키친"
"21052",21052,"경기 파주시 메가MGC커피"
"21055",21055,"경기 파주시 멕시카나치킨"
"21057",21057,"경기 파주시 멘부리"
"21062",21062,"경기 파주시 명륜진사갈비"
"21068",21068,"경기 파주시 몬스터포"
"21076",21076,"경기 파주시 미스사이공"
"21088",21088,"경기 파주시 바르다김선생"
"21092",21092,"경기 파주시 바푸리포"
"21096",21096,"경기 파주시 반포식스"
"21100",21100,"경기 파주시 배달돼지"
"21130",21130,"경기 파주시 본설렁탕"
"21150",21150,"경기 파주시 비비고"
"21153",21153,"경기 파주시 빅스타피자"
"21188",21188,"경기 파주시 설빙"
"21201",21201,"경기 파주시 숑숑돈까스"
"21208",21208,"경기 파주시 순대실록"
"21221",21221,"경기 파주시 식껍"
"21222",21222,"경기 파주시 신룽푸마라탕"
"21234",21234,"경기 파주시 썬더치킨"
"21252",21252,"경기 파주시 얌샘김밥"
"21253",21253,"경기 파주시 양가네"
"21270",21270,"경기 파주시 영화반점"
"21271",21271,"경기 파주시 옐로우피자"
"21273",21273,"경기 파주시 오늘와인한잔"
"21295",21295,"경기 파주시 올스타피자"
"21298",21298,"경기 파주시 와플반트"
"21300",21300,"경기 파주시 완백부대찌개 삼겹살"
"21303",21303,"경기 파주시 요거프레소"
"21309",21309,"경기 파주시 우된장"
"21329",21329,"경기 파주시 육회바른연어"
"21332",21332,"경기 파주시 음식백화점"
"21337",21337,"경기 파주시 이름없는파스타"
"21353",21353,"경기 파주시 자담치킨"
"21363",21363,"경기 파주시 제육대가"
"21370",21370,"경기 파주시 종로계림닭도리탕원조"
"21378",21378,"경기 파주시 쥬씨"
"21381",21381,"경기 파주시 지코바치킨"
"21386",21386,"경기 파주시 짚신매운갈비찜"
"21389",21389,"경기 파주시 쭈대가제육대가"
"21409",21409,"경기 파주시 청담이상"
"21457",21457,"경기 파주시 큰집닭강정"
"21461",21461,"경기 파주시 타이반쩜"
"21463",21463,"경기 파주시 타코비"
"21490",21490,"경기 파주시 파파이스"
"21501",21501,"경기 파주시 포보스"
"21508",21508,"경기 파주시 프랑킨숯불양념구이치킨"
"21519",21519,"경기 파주시 피자스웨그"
"21535",21535,"경기 파주시 학사주점"
"21536",21536,"경기 파주시 한강반점"
"21547",21547,"경기 파주시 한우리"
"21548",21548,"경기 파주시 한촌설렁탕"
"21551",21551,"경기 파주시 할머니가래떡볶이"
"21565",21565,"경기 파주시 호호반점"
"21569",21569,"경기 파주시 홍대쌀국수"
"21572",21572,"경기 파주시 홍춘천치즈닭갈비"
"21577",21577,"경기 파주시 화포식당"
"21586",21586,"경기 파주시 흥부찜닭"
"21626",21626,"경기 김포시 강순자옛맛김치찌개"
"21665",21665,"경기 김포시 국수나무"
"21675",21675,"경기 김포시 금화왕돈까스"
"21689",21689,"경기 김포시 깡돈"
"21691",21691,"경기 김포시 꼬지사께"
"21784",21784,"경기 김포시 라와마라탕"
"21800",21800,"경기 김포시 마라영웅"
"21809",21809,"경기 김포시 만랩커피"
"21816",21816,"경기 김포시 맛닭꼬"
"21824",21824,"경기 김포시 메이크어딜리버리"
"21845",21845,"경기 김포시 미분당"
"21857",21857,"경기 김포시 바나프레소"
"21870",21870,"경기 김포시 밥플러스"
"21899",21899,"경기 김포시 본도시락"
"21901",21901,"경기 김포시 본설렁탕"
"21916",21916,"경기 김포시 불닭발땡초동대문엽기떡볶이"
"21920",21920,"경기 김포시 블랙스미스"
"21933",21933,"경기 김포시 산쪼메"
"21959",21959,"경기 김포시 설빙"
"21977",21977,"경기 김포시 숙성회136"
"21997",21997,"경기 김포시 신전떡볶이"
"22000",22000,"경기 김포시 싸다김밥"
"22009",22009,"경기 김포시 아마스빈"
"22010",22010,"경기 김포시 아비꼬"
"22015",22015,"경기 김포시 아웃백스테이크하우스"
"22030",22030,"경기 김포시 에그드랍"
"22032",22032,"경기 김포시 에머이"
"22038",22038,"경기 김포시 역전할머니맥주"
"22048",22048,"경기 김포시 오로지라멘"
"22050",22050,"경기 김포시 오목집"
"22057",22057,"경기 김포시 오술차"
"22074",22074,"경기 김포시 요거프레소"
"22075",22075,"경기 김포시 요녀석"
"22076",22076,"경기 김포시 용구비어"
"22077",22077,"경기 김포시 용궁반점"
"22079",22079,"경기 김포시 용호동낙지"
"22089",22089,"경기 김포시 원할머니보쌈족발"
"22092",22092,"경기 김포시 유미카츠"
"22121",22121,"경기 김포시 일미리금계찜닭"
"22146",22146,"경기 김포시 죽이야기"
"22149",22149,"경기 김포시 쥬씨"
"22164",22164,"경기 김포시 찬란한아구"
"22179",22179,"경기 김포시 청담동마녀김밥"
"22193",22193,"경기 김포시 치킨마루"
"22195",22195,"경기 김포시 치킨선생"
"22208",22208,"경기 김포시 커피스미스"
"22219",22219,"경기 김포시 쿠우쿠우"
"22221",22221,"경기 김포시 큐큐면관"
"22225",22225,"경기 김포시 크리스탈제이드"
"22234",22234,"경기 김포시 타코비"
"22240",22240,"경기 김포시 태리로제떡볶이&닭강정"
"22282",22282,"경기 김포시 프레퍼스 다이어트 푸드"
"22287",22287,"경기 김포시 피자마루"
"22307",22307,"경기 김포시 한강반점"
"22323",22323,"경기 김포시 해장쿡"
"22328",22328,"경기 김포시 현대옥"
"22356",22356,"경기 김포시 훌랄라 참숯바베큐치킨"
"22358",22358,"경기 김포시 히노아지"
"22362",22362,"경기 의정부시 롯데리아"
"22364",22364,"경기 의정부시 스폰티니"
"22373",22373,"경기 의정부시 101번지 남산돈까스"
"22398",22398,"경기 의정부시 피자생각"
"22399",22399,"경기 의정부시 거기시켜 덮밥&간식"
"22409",22409,"경기 의정부시 계절밥상"
"22418",22418,"경기 의정부시 고씨네"
"22423",22423,"경기 의정부시 곱분이곱창"
"22426",22426,"경기 의정부시 광수육회"
"22443",22443,"경기 의정부시 그리너"
"22471",22471,"경기 의정부시 남자피자"
"22473",22473,"경기 의정부시 냠냠족발&보쌈"
"22477",22477,"경기 의정부시 노랑통닭"
"22502",22502,"경기 의정부시 더벤티"
"22527",22527,"경기 의정부시 동화반점"
"22532",22532,"경기 의정부시 두찜"
"22552",22552,"경기 의정부시 라무진"
"22553",22553,"경기 의정부시 라밥"
"22555",22555,"경기 의정부시 라와마라탕"
"22565",22565,"경기 의정부시 리얼파스타"
"22568",22568,"경기 의정부시 리틀하노이"
"22569",22569,"경기 의정부시 릴리펏"
"22571",22571,"경기 의정부시 마라영웅"
"22587",22587,"경기 의정부시 맛닭꼬"
"22591",22591,"경기 의정부시 맥주아비"
"22593",22593,"경기 의정부시 메가박스"
"22601",22601,"경기 의정부시 명동칼국수"
"22625",22625,"경기 의정부시 미카도스시"
"22646",22646,"경기 의정부시 배떡"
"22663",22663,"경기 의정부시 별난주점"
"22674",22674,"경기 의정부시 본죽&비빔밥café"
"22682",22682,"경기 의정부시 부엉이돈가스"
"22702",22702,"경기 의정부시 사이공본가"
"22722",22722,"경기 의정부시 채선당 샤브보트"
"22726",22726,"경기 의정부시 서오릉피자"
"22729",22729,"경기 의정부시 설맥"
"22747",22747,"경기 의정부시 수지상회"
"22751",22751,"경기 의정부시 순살만공격"
"22757",22757,"경기 의정부시 스시웨이"
"22763",22763,"경기 의정부시 식껍"
"22766",22766,"경기 의정부시 신선설농탕"
"22770",22770,"경기 의정부시 신촌설렁탕"
"22785",22785,"경기 의정부시 아우어베이커리"
"22806",22806,"경기 의정부시 엠브로돈까스"
"22809",22809,"경기 의정부시 역전할머니맥주"
"22816",22816,"경기 의정부시 오늘통닭"
"22822",22822,"경기 의정부시 오복수산"
"22834",22834,"경기 의정부시 온달집"
"22862",22862,"경기 의정부시 유로코피자"
"22863",22863,"경기 의정부시 유미카츠"
"22866",22866,"경기 의정부시 육쌈냉면"
"22870",22870,"경기 의정부시 육칠이"
"22873",22873,"경기 의정부시 은행골"
"22889",22889,"경기 의정부시 인생아구찜"
"22898",22898,"경기 의정부시 장독대"
"22929",22929,"경기 의정부시 짝태패밀리"
"22932",22932,"경기 의정부시 찌마기"
"22934",22934,"경기 의정부시 Chai797"
"22936",22936,"경기 의정부시 찰스숯불김밥"
"22946",22946,"경기 의정부시 청년다방"
"22951",22951,"경기 의정부시 청담이상"
"22956",22956,"경기 의정부시 최고당돈가스"
"22968",22968,"경기 의정부시 칙바이칙"
"22999",22999,"경기 의정부시 큰집닭강정"
"23011",23011,"경기 의정부시 태리로제떡볶이&닭강정"
"23020",23020,"경기 의정부시 통파이브"
"23030",23030,"경기 의정부시 파스타집이야"
"23044",23044,"경기 의정부시 포아이니"
"23055",23055,"경기 의정부시 플러스82"
"23081",23081,"경기 의정부시 한남동그집"
"23120",23120,"경기 의정부시 황기순의홍두께손칼국수"
"23121",23121,"경기 의정부시 회장님댁"
"23125",23125,"경기 의정부시 후쿠오카함바그"
"23129",23129,"경기 의정부시 히노아지"
"23147",23147,"경기 광주시 666버거"
"23156",23156,"경기 광주시 가나점보돈까스"
"23158",23158,"경기 광주시 가마치통닭"
"23181",23181,"경기 광주시 고기극찬"
"23195",23195,"경기 광주시 곱창이야기"
"23203",23203,"경기 광주시 구룡반점"
"23213",23213,"경기 광주시 그램그램"
"23217",23217,"경기 광주시 금화왕돈까스"
"23245",23245,"경기 광주시 네네치킨"
"23256",23256,"경기 광주시 다다코리아"
"23271",23271,"경기 광주시 대패상회"
"23277",23277,"경기 광주시 덮다"
"23285",23285,"경기 광주시 돈치킨"
"23290",23290,"경기 광주시 동경규동"
"23301",23301,"경기 광주시 두마리찜닭 두찜"
"23324",23324,"경기 광주시 라밥"
"23328",23328,"경기 광주시 라화쿵부"
"23335",23335,"경기 광주시 리나스"
"23342",23342,"경기 광주시 마라영웅"
"23357",23357,"경기 광주시 맛깔참죽"
"23358",23358,"경기 광주시 맛닭꼬"
"23365",23365,"경기 광주시 메가MGC커피"
"23372",23372,"경기 광주시 명동칼국수"
"23377",23377,"경기 광주시 명품키친"
"23380",23380,"경기 광주시 목로주점"
"23386",23386,"경기 광주시 미라클푸드"
"23418",23418,"경기 광주시 백소정"
"23427",23427,"경기 광주시 버거앤프라이즈"
"23430",23430,"경기 광주시 번개반점"
"23443",23443,"경기 광주시 본설렁탕"
"23451",23451,"경기 광주시 부산아지매국밥"
"23452",23452,"경기 광주시 부어치킨"
"23480",23480,"경기 광주시 삼형제김밥"
"23482",23482,"경기 광주시 상해반점"
"23489",23489,"경기 광주시 생생돈까스"
"23490",23490,"경기 광주시 생어거스틴"
"23503",23503,"경기 광주시 세븐일레븐"
"23504",23504,"경기 광주시 소공동뚝배기집"
"23519",23519,"경기 광주시 숙성회136"
"23525",23525,"경기 광주시 슈퍼커피"
"23529",23529,"경기 광주시 스시화"
"23546",23546,"경기 광주시 써브웨이"
"23549",23549,"경기 광주시 아딸"
"23571",23571,"경기 광주시 엉터리생고기"
"23573",23573,"경기 광주시 에그셀런트"
"23578",23578,"경기 광주시 여우애 김밥"
"23579",23579,"경기 광주시 역전우동0411"
"23635",23635,"경기 광주시 육대장"
"23655",23655,"경기 광주시 이화수전통육개장"
"23658",23658,"경기 광주시 인생닭강정"
"23664",23664,"경기 광주시 일품양평해장국"
"23665",23665,"경기 광주시 잇티"
"23697",23697,"경기 광주시 진땡이"
"23704",23704,"경기 광주시 차갑닭"
"23709",23709,"경기 광주시 창고43"
"23726",23726,"경기 광주시 초장집"
"23744",23744,"경기 광주시 카페보니또"
"23752",23752,"경기 광주시 커피인류"
"23757",23757,"경기 광주시 코코이찌방야"
"23761",23761,"경기 광주시 쿠우쿠우"
"23762",23762,"경기 광주시 퀴즈노스"
"23779",23779,"경기 광주시 탐라포차"
"23786",23786,"경기 광주시 테트리스찜닭"
"23822",23822,"경기 광주시 프랭크버거"
"23826",23826,"경기 광주시 플러스82"
"23830",23830,"경기 광주시 피자먹다"
"23850",23850,"경기 광주시 한결보쌈"
"23864",23864,"경기 광주시 할머니가래떡볶이"
"23866",23866,"경기 광주시 해피스푼"
"23876",23876,"경기 광주시 호치킨"
"23889",23889,"경기 광주시 화로상회"
"23892",23892,"경기 광주시 회장님댁"
"23905",23905,"경기 하남시 투뿔등심"
"23914",23914,"경기 하남시 파리크라상"
"23934",23934,"경기 하남시 감탄계 숯불치킨"
"23942",23942,"경기 하남시 걸작떡볶이치킨"
"23951",23951,"경기 하남시 계절밥상"
"23964",23964,"경기 하남시 곱깨비"
"23968",23968,"경기 하남시 광수육회"
"23971",23971,"경기 하남시 교촌치킨"
"23979",23979,"경기 하남시 국일반점"
"23988",23988,"경기 하남시 금화왕돈까스"
"23998",23998,"경기 하남시 김사부의 곱창명가"
"24004",24004,"경기 하남시 꼬지사께"
"24005",24005,"경기 하남시 나누다키친"
"24006",24006,"경기 하남시 난바우동"
"24008",24008,"경기 하남시 남다른감자탕"
"24010",24010,"경기 하남시 남선반점"
"24012",24012,"경기 하남시 남오토코"
"24016",24016,"경기 하남시 네네치킨"
"24017",24017,"경기 하남시 네모오징어"
"24024",24024,"경기 하남시 뉴욕야시장"
"24030",24030,"경기 하남시 달떡볶이"
"24038",24038,"경기 하남시 대독장"
"24040",24040,"경기 하남시 대림국수"
"24054",24054,"경기 하남시 돈까스짱"
"24055",24055,"경기 하남시 돈까스회관"
"24063",24063,"경기 하남시 동근이숯불두마리치킨"
"24066",24066,"경기 하남시 동아반점"
"24068",24068,"경기 하남시 동해반점"
"24069",24069,"경기 하남시 동화반점"
"24078",24078,"경기 하남시 디디치킨"
"24079",24079,"경기 하남시 디저트40"
"24091",24091,"경기 하남시 라그릴리아"
"24097",24097,"경기 하남시 라와마라탕"
"24101",24101,"경기 하남시 로운 샤브샤브"
"24102",24102,"경기 하남시 롤링파스타"
"24118",24118,"경기 하남시 마약낙곱새"
"24150",24150,"경기 하남시 모스버거"
"24161",24161,"경기 하남시 미스터보쌈5378"
"24165",24165,"경기 하남시 미아리우동집"
"24168",24168,"경기 하남시 미태리"
"24175",24175,"경기 하남시 바우네나주곰탕"
"24182",24182,"경기 하남시 밥풀릭스"
"24206",24206,"경기 하남시 보나베띠"
"24216",24216,"경기 하남시 본죽&비빔밥café"
"24230",24230,"경기 하남시 브라운돈까스"
"24236",24236,"경기 하남시 비엔나커피하우스"
"24240",24240,"경기 하남시 빽다방"
"24242",24242,"경기 하남시 사미반점"
"24246",24246,"경기 하남시 산쪼메"
"24250",24250,"경기 하남시 삼청당"
"24256",24256,"경기 하남시 샐러데이즈"
"24312",24312,"경기 하남시 신촌설렁탕"
"24345",24345,"경기 하남시 에머이"
"24357",24357,"경기 하남시 오늘와인한잔"
"24363",24363,"경기 하남시 오목집"
"24376",24376,"경기 하남시 온달집"
"24381",24381,"경기 하남시 와이디푸드"
"24388",24388,"경기 하남시 요녀석"
"24392",24392,"경기 하남시 용호동낙지"
"24411",24411,"경기 하남시 육첩반상"
"24418",24418,"경기 하남시 이나닭강정"
"24422",24422,"경기 하남시 이삭토스트"
"24424",24424,"경기 하남시 이차돌"
"24451",24451,"경기 하남시 제줏간"
"24453",24453,"경기 하남시 족발야시장"
"24457",24457,"경기 하남시 죠샌드위치"
"24468",24468,"경기 하남시 진땡이"
"24479",24479,"경기 하남시 참이맛감자탕"
"24501",24501,"경기 하남시 취향마라"
"24505",24505,"경기 하남시 치킨더홈"
"24515",24515,"경기 하남시 카페보니또"
"24520",24520,"경기 하남시 커피사피엔스"
"24530",24530,"경기 하남시 콩심"
"24551",24551,"경기 하남시 탐앤탐스"
"24556",24556,"경기 하남시 테그43"
"24566",24566,"경기 하남시 투썸플레이스"
"24569",24569,"경기 하남시 파란만잔"
"24570",24570,"경기 하남시 파스쿠찌"
"24614",24614,"경기 하남시 하남돼지집"
"24615",24615,"경기 하남시 하노이별"
"24617",24617,"경기 하남시 하이카오산"
"24629",24629,"경기 하남시 한옥집"
"24645",24645,"경기 하남시 호식이두마리치킨"
"24649",24649,"경기 하남시 호호반점"
"24679",24679,"경기 광명시 스쿨푸드"
"24696",24696,"경기 광명시 T.G.I.F"
"24707",24707,"경기 광명시 강남면옥"
"24720",24720,"경기 광명시 계동치킨"
"24737",24737,"경기 광명시 곱창이야기"
"24759",24759,"경기 광명시 금화왕돈까스"
"24760",24760,"경기 광명시 기대만족"
"24770",24770,"경기 광명시 김선생 불닭발"
"24816",24816,"경기 광명시 더진국 수육국밥"
"24823",24823,"경기 광명시 도미노피자"
"24833",24833,"경기 광명시 동궁찜닭"
"24837",24837,"경기 광명시 동아반점"
"24841",24841,"경기 광명시 돼지게티"
"24843",24843,"경기 광명시 두마리찜닭 두찜"
"24857",24857,"경기 광명시 또래오래"
"24862",24862,"경기 광명시 라그릴리아"
"24866",24866,"경기 광명시 라밥"
"24872",24872,"경기 광명시 로운 샤브샤브"
"24873",24873,"경기 광명시 롤링파스타"
"24876",24876,"경기 광명시 리김밥"
"24887",24887,"경기 광명시 마루샤브"
"24900",24900,"경기 광명시 맛닭꼬"
"24908",24908,"경기 광명시 메이크어딜리버리"
"24922",24922,"경기 광명시 목로주점"
"24945",24945,"경기 광명시 바스버거"
"24959",24959,"경기 광명시 배떡"
"24960",24960,"경기 광명시 백소정"
"24986",24986,"경기 광명시 본스치킨"
"24993",24993,"경기 광명시 부산아지매국밥"
"25005",25005,"경기 광명시 비비고"
"25014",25014,"경기 광명시 사위식당"
"25015",25015,"경기 광명시 사이공본가"
"25040",25040,"경기 광명시 서울반점"
"25059",25059,"경기 광명시 수유리혼밥왕"
"25085",25085,"경기 광명시 싸움의고수"
"25086",25086,"경기 광명시 쌀똑핫도그"
"25093",25093,"경기 광명시 아마스빈"
"25111",25111,"경기 광명시 어사출또"
"25112",25112,"경기 광명시 얼맥당"
"25121",25121,"경기 광명시 역전우동0411"
"25127",25127,"경기 광명시 오구본가"
"25129",25129,"경기 광명시 오늘통닭"
"25133",25133,"경기 광명시 오마뎅"
"25135",25135,"경기 광명시 오복수산"
"25140",25140,"경기 광명시 오사카우동"
"25146",25146,"경기 광명시 온가솥밥"
"25174",25174,"경기 광명시 유가네닭갈비"
"25175",25175,"경기 광명시 유로코피자"
"25176",25176,"경기 광명시 유미카츠"
"25177",25177,"경기 광명시 육대장"
"25178",25178,"경기 광명시 팔도국밥 육수당"
"25192",25192,"경기 광명시 이름없는파스타"
"25206",25206,"경기 광명시 일품양평해장국"
"25218",25218,"경기 광명시 제육대가"
"25248",25248,"경기 광명시 찬란한아구"
"25255",25255,"경기 광명시 천호용궁알탕"
"25268",25268,"경기 광명시 초장집"
"25342",25342,"경기 광명시 파스타입니다"
"25346",25346,"경기 광명시 파파존스"
"25351",25351,"경기 광명시 페리카나"
"25382",25382,"경기 광명시 피자헛"
"25400",25400,"경기 광명시 한옥집"
"25404",25404,"경기 광명시 할리스"
"25417",25417,"경기 광명시 호우섬"
"25423",25423,"경기 광명시 홍대개미"
"25428",25428,"경기 광명시 홍콩반점0410"
"25431",25431,"경기 광명시 화로상회"
"25440",25440,"경기 광명시 훌랄라 참숯바베큐치킨"
"25448",25448,"경기 군포시 스폰티니"
"25459",25459,"경기 군포시 60계 치킨"
"25468",25468,"경기 군포시 테이스티나인홈"
"25483",25483,"경기 군포시 거기시켜 덮밥&간식"
"25487",25487,"경기 군포시 경성주막1929"
"25497",25497,"경기 군포시 고돼지"
"25512",25512,"경기 군포시 교동전선생"
"25514",25514,"경기 군포시 구구족"
"25520",25520,"경기 군포시 국수나무"
"25537",25537,"경기 군포시 김밥천국"
"25545",25545,"경기 군포시 코리엔탈깻잎두마리치킨"
"25576",25576,"경기 군포시 달콤커피"
"25586",25586,"경기 군포시 더벤티"
"25605",25605,"경기 군포시 동근이숯불두마리치킨"
"25635",25635,"경기 군포시 라멘짱"
"25643",25643,"경기 군포시 로운 샤브샤브"
"25649",25649,"경기 군포시 리얼파스타"
"25655",25655,"경기 군포시 마라영웅"
"25668",25668,"경기 군포시 맘스터치"
"25670",25670,"경기 군포시 맛깔참죽"
"25671",25671,"경기 군포시 맛닭꼬"
"25677",25677,"경기 군포시 메가박스"
"25684",25684,"경기 군포시 명가통닭"
"25699",25699,"경기 군포시 미라클푸드"
"25702",25702,"경기 군포시 미스사이공"
"25723",25723,"경기 군포시 발재반점"
"25740",25740,"경기 군포시 버거앤프라이즈"
"25793",25793,"경기 군포시 삼형제김밥"
"25831",25831,"경기 군포시 수지상회"
"25841",25841,"경기 군포시 스시웨이"
"25871",25871,"경기 군포시 아이스걸크림보이"
"25876",25876,"경기 군포시 압구정 순대국"
"25877",25877,"경기 군포시 애슐리퀸즈"
"25883",25883,"경기 군포시 얼맥당"
"25890",25890,"경기 군포시 엠브로돈까스"
"25898",25898,"경기 군포시 오구본가"
"25911",25911,"경기 군포시 오사카우동"
"25917",25917,"경기 군포시 온가솥밥"
"25926",25926,"경기 군포시 완백부대찌개 삼겹살"
"25934",25934,"경기 군포시 용호동낙지"
"25938",25938,"경기 군포시 우리할매떡볶이"
"25947",25947,"경기 군포시 유미카츠"
"25952",25952,"경기 군포시 육전국밥"
"25960",25960,"경기 군포시 이나닭강정"
"25966",25966,"경기 군포시 이차돌"
"25975",25975,"경기 군포시 일만족발"
"26009",26009,"경기 군포시 직화한상"
"26013",26013,"경기 군포시 짝태패밀리"
"26020",26020,"경기 군포시 찰스숯불김밥"
"26027",26027,"경기 군포시 철길부산집"
"26028",26028,"경기 군포시 청기와타운"
"26029",26029,"경기 군포시 청년고기장수"
"26035",26035,"경기 군포시 청담이상"
"26039",26039,"경기 군포시 초장집"
"26058",26058,"경기 군포시 캘리포니아피자키친"
"26061",26061,"경기 군포시 커피베이"
"26082",26082,"경기 군포시 큰맘할매순대국"
"26090",26090,"경기 군포시 탄탄면공방"
"26105",26105,"경기 군포시 투고샐러드"
"26148",26148,"경기 군포시 피자알볼로"
"26163",26163,"경기 군포시 한결보쌈"
"26178",26178,"경기 군포시 해장쿡"
"26179",26179,"경기 군포시 해피스푼"
"26180",26180,"경기 군포시 핵밥"
"26181",26181,"경기 군포시 행복은간장밥"
"26183",26183,"경기 군포시 현대옥"
"26191",26191,"경기 군포시 호호반점"
"26204",26204,"경기 군포시 황기순의홍두께손칼국수"
"26207",26207,"경기 군포시 후라이드참잘하는집"
"26216",26216,"경기 양주시 닥터로빈"
"26218",26218,"경기 양주시 투뿔등심"
"26236",26236,"경기 양주시 BHC치킨"
"26258",26258,"경기 양주시 경성주막1929"
"26297",26297,"경기 양주시 그램그램"
"26320",26320,"경기 양주시 남경반점"
"26367",26367,"경기 양주시 돈까스짱"
"26384",26384,"경기 양주시 두끼"
"26390",26390,"경기 양주시 등촌샤브칼국수"
"26391",26391,"경기 양주시 디디치킨"
"26401",26401,"경기 양주시 뚱스밥버거"
"26404",26404,"경기 양주시 라그릴리아"
"26417",26417,"경기 양주시 르번미"
"26433",26433,"경기 양주시 마이쥬스"
"26461",26461,"경기 양주시 명품키친"
"26472",26472,"경기 양주시 미소야"
"26476",26476,"경기 양주시 미스터빠삭"
"26483",26483,"경기 양주시 바나프레소"
"26484",26484,"경기 양주시 바다수퍼해물천하조개구이"
"26489",26489,"경기 양주시 바푸리포"
"26491",26491,"경기 양주시 반올림피자"
"26499",26499,"경기 양주시 배달삼겹 직구삼"
"26533",26533,"경기 양주시 봉추찜닭"
"26539",26539,"경기 양주시 북창동순두부"
"26545",26545,"경기 양주시 브롱스"
"26592",26592,"경기 양주시 소림마라"
"26599",26599,"경기 양주시 수다"
"26608",26608,"경기 양주시 쉐이크쉑"
"26609",26609,"경기 양주시 슈퍼커피"
"26610",26610,"경기 양주시 스노우폭스"
"26653",26653,"경기 양주시 어사출또"
"26660",26660,"경기 양주시 엔제리너스"
"26661",26661,"경기 양주시 엠브로돈까스"
"26665",26665,"경기 양주시 연안식당"
"26677",26677,"경기 양주시 오복수산"
"26678",26678,"경기 양주시 오봉도시락"
"26679",26679,"경기 양주시 오봉집"
"26681",26681,"경기 양주시 오븐에빠진닭"
"26690",26690,"경기 양주시 온더보더"
"26704",26704,"경기 양주시 용용선생"
"26718",26718,"경기 양주시 유미카츠"
"26721",26721,"경기 양주시 육쌈냉면"
"26726",26726,"경기 양주시 육회바른연어"
"26736",26736,"경기 양주시 이유치킨"
"26748",26748,"경기 양주시 일품양평해장국"
"26751",26751,"경기 양주시 자마버거"
"26764",26764,"경기 양주시 제줏간"
"26768",26768,"경기 양주시 종로김밥"
"26774",26774,"경기 양주시 중화가정"
"26807",26807,"경기 양주시 청춘닭꼬치"
"26813",26813,"경기 양주시 춘리마라탕"
"26831",26831,"경기 양주시 커피니"
"26839",26839,"경기 양주시 KMGM"
"26843",26843,"경기 양주시 콩심"
"26863",26863,"경기 양주시 탐라포차"
"26879",26879,"경기 양주시 투썸플레이스"
"26880",26880,"경기 양주시 틈새라면"
"26892",26892,"경기 양주시 펀비어킹"
"26897",26897,"경기 양주시 포베이"
"26910",26910,"경기 양주시 플러스82"
"26943",26943,"경기 양주시 한와담"
"26955",26955,"경기 양주시 형제반점"
"26965",26965,"경기 양주시 홍대개미"
"26969",26969,"경기 양주시 홍춘천치즈닭갈비"
"26978",26978,"경기 양주시 후라이드참잘하는집"
"26981",26981,"경기 양주시 훅트포케"
"26983",26983,"경기 양주시 흥부찜닭"
"26989",26989,"경기 오산시 투뿔등심"
"26991",26991,"경기 오산시 오므토토마토"
"26995",26995,"경기 오산시 커피빈"
"27007",27007,"경기 오산시 BHC치킨"
"27021",27021,"경기 오산시 강남반점"
"27034",27034,"경기 오산시 계림원"
"27045",27045,"경기 오산시 고피자"
"27054",27054,"경기 오산시 교동전선생"
"27055",27055,"경기 오산시 교촌치킨"
"27060",27060,"경기 오산시 국대떡볶이"
"27062",27062,"경기 오산시 국수나무"
"27074",27074,"경기 오산시 기소야"
"27077",27077,"경기 오산시 길동우동"
"27082",27082,"경기 오산시 김사부의 곱창명가"
"27098",27098,"경기 오산시 내가찜한닭"
"27115",27115,"경기 오산시 달래해장"
"27117",27117,"경기 오산시 달콤 왕가 탕후루"
"27119",27119,"경기 오산시 닭강정공방"
"27135",27135,"경기 오산시 도로시파스타"
"27142",27142,"경기 오산시 돈카츠마켈"
"27156",27156,"경기 오산시 두마리찜닭 두찜"
"27168",27168,"경기 오산시 떡군이네 떡볶이"
"27173",27173,"경기 오산시 뜸들이다"
"27175",27175,"경기 오산시 라그릴리아"
"27196",27196,"경기 오산시 마라공방"
"27221",27221,"경기 오산시 메이크어딜리버리"
"27223",27223,"경기 오산시 멕시카나치킨"
"27226",27226,"경기 오산시 명가통닭"
"27231",27231,"경기 오산시 명인만두"
"27233",27233,"경기 오산시 모랑해물솥밥"
"27249",27249,"경기 오산시 미아리우동집"
"27259",27259,"경기 오산시 바우네나주곰탕"
"27260",27260,"경기 오산시 바푸리포"
"27266",27266,"경기 오산시 밥풀릭스"
"27272",27272,"경기 오산시 배떡"
"27279",27279,"경기 오산시 뱃살도둑"
"27287",27287,"경기 오산시 범맥주"
"27304",27304,"경기 오산시 봉추찜닭"
"27307",27307,"경기 오산시 부어치킨"
"27313",27313,"경기 오산시 불닭발땡초동대문엽기떡볶이"
"27319",27319,"경기 오산시 비스트로피자"
"27335",27335,"경기 오산시 삼형제김밥"
"27337",27337,"경기 오산시 상해반점"
"27345",27345,"경기 오산시 생어거스틴"
"27361",27361,"경기 오산시 소노야"
"27362",27362,"경기 오산시 소담촌"
"27365",27365,"경기 오산시 소소떡볶이"
"27368",27368,"경기 오산시 송추가마골 인어반"
"27370",27370,"경기 오산시 수다"
"27403",27403,"경기 오산시 씨제이프레시웨이"
"27410",27410,"경기 오산시 아오리의행방불명"
"27429",27429,"경기 오산시 에머이"
"27438",27438,"경기 오산시 영화반점"
"27444",27444,"경기 오산시 오떡"
"27446",27446,"경기 오산시 오마뎅"
"27464",27464,"경기 오산시 와라와라"
"27489",27489,"경기 오산시 유미카츠"
"27504",27504,"경기 오산시 이디야커피"
"27511",27511,"경기 오산시 인기명"
"27516",27516,"경기 오산시 인쌩맥주"
"27518",27518,"경기 오산시 일미리금계찜닭"
"27523",27523,"경기 오산시 자연별곡"
"27543",27543,"경기 오산시 죽이야기"
"27559",27559,"경기 오산시 차갑닭"
"27579",27579,"경기 오산시 청화반점"
"27603",27603,"경기 오산시 커피베이"
"27606",27606,"경기 오산시 커피온리"
"27628",27628,"경기 오산시 킹콩부대찌개"
"27630",27630,"경기 오산시 타코박스"
"27650",27650,"경기 오산시 투썸플레이스"
"27656",27656,"경기 오산시 파스타집이야"
"27660",27660,"경기 오산시 팔각도"
"27661",27661,"경기 오산시 팔공티"
"27665",27665,"경기 오산시 평화반점"
"27668",27668,"경기 오산시 포베이"
"27678",27678,"경기 오산시 프레드피자"
"27691",27691,"경기 오산시 피자애"
"27737",27737,"경기 오산시 홍대쌀국수"
"27739",27739,"경기 오산시 홍짜장"
"27743",27743,"경기 오산시 화락바베큐치킨"
"27745",27745,"경기 오산시 화포식당"
"27759",27759,"경기 이천시 롯데리아"
"27764",27764,"경기 이천시 리미니"
"27766",27766,"경기 이천시 커피빈"
"27800",27800,"경기 이천시 경성주막1929"
"27802",27802,"경기 이천시 경양카츠"
"27811",27811,"경기 이천시 고래맥주창고"
"27815",27815,"경기 이천시 고씨네"
"27829",27829,"경기 이천시 구룡반점"
"27845",27845,"경기 이천시 기소야"
"27854",27854,"경기 이천시 김선생 불닭발"
"27873",27873,"경기 이천시 네모푸드"
"27889",27889,"경기 이천시 달콤커피"
"27893",27893,"경기 이천시 대독장"
"27902",27902,"경기 이천시 던킨"
"27906",27906,"경기 이천시 도로시파스타"
"27917",27917,"경기 이천시 동궁찜닭"
"27957",27957,"경기 이천시 롤링파스타"
"27962",27962,"경기 이천시 리얼파스타"
"27963",27963,"경기 이천시 리얼후라이"
"27998",27998,"경기 이천시 명동칼국수"
"28018",28018,"경기 이천시 미스터빠삭"
"28019",28019,"경기 이천시 미스터피자"
"28028",28028,"경기 이천시 바른치킨"
"28036",28036,"경기 이천시 발재반점"
"28039",28039,"경기 이천시 배달돼지"
"28049",28049,"경기 이천시 백채김치찌개"
"28063",28063,"경기 이천시 보드람치킨"
"28076",28076,"경기 이천시 부라더키친"
"28082",28082,"경기 이천시 북촌손만두"
"28087",28087,"경기 이천시 브롱스"
"28094",28094,"경기 이천시 빕스"
"28099",28099,"경기 이천시 사이공본가"
"28113",28113,"경기 이천시 샐러디"
"28128",28128,"경기 이천시 세광양대창"
"28155",28155,"경기 이천시 스시화"
"28156",28156,"경기 이천시 스쿨스토어"
"28164",28164,"경기 이천시 신의주찹쌀순대"
"28171",28171,"경기 이천시 쌀통닭"
"28172",28172,"경기 이천시 써브웨이"
"28205",28205,"경기 이천시 역전우동0411"
"28212",28212,"경기 이천시 오늘와인한잔"
"28217",28217,"경기 이천시 오마뎅"
"28225",28225,"경기 이천시 오술차"
"28232",28232,"경기 이천시 온더보더"
"28240",28240,"경기 이천시 완산골명가"
"28256",28256,"경기 이천시 원조부안집"
"28269",28269,"경기 이천시 윤이불닭발"
"28278",28278,"경기 이천시 이유치킨"
"28289",28289,"경기 이천시 일미리금계찜닭"
"28292",28292,"경기 이천시 자담치킨"
"28293",28293,"경기 이천시 자마버거"
"28296",28296,"경기 이천시 잭슨피자"
"28317",28317,"경기 이천시 쥬씨"
"28323",28323,"경기 이천시 진땡이"
"28346",28346,"경기 이천시 청년피자"
"28349",28349,"경기 이천시 청춘닭꼬치"
"28360",28360,"경기 이천시 치킨더홈"
"28362",28362,"경기 이천시 치킨매니아"
"28363",28363,"경기 이천시 치킨선생"
"28364",28364,"경기 이천시 치킨플러스"
"28369",28369,"경기 이천시 카페베네"
"28377",28377,"경기 이천시 커피온리"
"28381",28381,"경기 이천시 KMGM"
"28413",28413,"경기 이천시 토리아에즈"
"28423",28423,"경기 이천시 티바두마리치킨"
"28426",28426,"경기 이천시 파스타입니다"
"28430",28430,"경기 이천시 파파존스"
"28439",28439,"경기 이천시 포베이"
"28460",28460,"경기 이천시 피자스톰"
"28490",28490,"경기 이천시 할머니가래떡볶이"
"28491",28491,"경기 이천시 해장쿡"
"28495",28495,"경기 이천시 현대반점"
"28506",28506,"경기 이천시 혼밥대왕"
"28539",28539,"경기 안성시 키친엑스"
"28560",28560,"경기 안성시 감탄계 숯불치킨"
"28561",28561,"경기 안성시 강남교자"
"28570",28570,"경기 안성시 경성술집"
"28588",28588,"경기 안성시 고향반점"
"28597",28597,"경기 안성시 교촌치킨"
"28635",28635,"경기 안성시 남도분식"
"28658",28658,"경기 안성시 달링스테이크"
"28666",28666,"경기 안성시 대림국수"
"28672",28672,"경기 안성시 더치앤빈 수육국밥"
"28679",28679,"경기 안성시 도야짬뽕"
"28682",28682,"경기 안성시 돈치킨"
"28685",28685,"경기 안성시 돌배기집"
"28689",28689,"경기 안성시 동근이숯불두마리치킨"
"28690",28690,"경기 안성시 동대문엽기떡볶이"
"28699",28699,"경기 안성시 두성전주콩나물국밥"
"28719",28719,"경기 안성시 라멘짱"
"28722",28722,"경기 안성시 라사천마라탕"
"28727",28727,"경기 안성시 로운 샤브샤브"
"28741",28741,"경기 안성시 마라홀릭 마라탕"
"28766",28766,"경기 안성시 멘무샤"
"28782",28782,"경기 안성시 미니스톱"
"28792",28792,"경기 안성시 미친피자"
"28794",28794,"경기 안성시 미태리"
"28806",28806,"경기 안성시 반포식스"
"28813",28813,"경기 안성시 배달의쌀국수"
"28820",28820,"경기 안성시 백채김치찌개"
"28829",28829,"경기 안성시 범맥주"
"28835",28835,"경기 안성시 보배반점"
"28836",28836,"경기 안성시 보승회관"
"28839",28839,"경기 안성시 본래순대"
"28842",28842,"경기 안성시 본죽&비빔밥café"
"28846",28846,"경기 안성시 봉추찜닭"
"28847",28847,"경기 안성시 부라더키친"
"28855",28855,"경기 안성시 불닭발땡초동대문엽기떡볶이"
"28879",28879,"경기 안성시 상해반점"
"28894",28894,"경기 안성시 서오릉피자"
"28902",28902,"경기 안성시 소녀방앗간"
"28907",28907,"경기 안성시 소소떡볶이"
"28915",28915,"경기 안성시 수지상회"
"28922",28922,"경기 안성시 슈퍼커피"
"28952",28952,"경기 안성시 아오리의행방불명"
"28966",28966,"경기 안성시 어사출또"
"28970",28970,"경기 안성시 에그셀런트"
"28985",28985,"경기 안성시 오니기리와이규동"
"28988",28988,"경기 안성시 오마뎅"
"28992",28992,"경기 안성시 오봉집"
"28997",28997,"경기 안성시 오징어나라"
"29004",29004,"경기 안성시 온센"
"29007",29007,"경기 안성시 와이디푸드"
"29024",29024,"경기 안성시 우이락"
"29028",29028,"경기 안성시 원할머니보쌈족발"
"29029",29029,"경기 안성시 유가네닭갈비"
"29046",29046,"경기 안성시 이디야커피"
"29049",29049,"경기 안성시 이유치킨"
"29059",29059,"경기 안성시 일만족발"
"29079",29079,"경기 안성시 족발야시장"
"29101",29101,"경기 안성시 차갑닭"
"29105",29105,"경기 안성시 참이맛감자탕"
"29112",29112,"경기 안성시 청기와타운"
"29120",29120,"경기 안성시 청춘닭꼬치"
"29124",29124,"경기 안성시 최고당돈가스"
"29127",29127,"경기 안성시 취향마라"
"29128",29128,"경기 안성시 치어스"
"29131",29131,"경기 안성시 치킨더홈"
"29138",29138,"경기 안성시 카모메"
"29144",29144,"경기 안성시 커피니"
"29162",29162,"경기 안성시 크레이지후라이"
"29171",29171,"경기 안성시 타이반쩜"
"29175",29175,"경기 안성시 탐나종합어시장"
"29176",29176,"경기 안성시 탐라포차"
"29183",29183,"경기 안성시 테트리스찜닭"
"29184",29184,"경기 안성시 토리아에즈"
"29190",29190,"경기 안성시 투다리"
"29195",29195,"경기 안성시 파란만잔"
"29200",29200,"경기 안성시 파파이스"
"29230",29230,"경기 안성시 피자스쿨"
"29254",29254,"경기 안성시 한신포차"
"29257",29257,"경기 안성시 한우리"
"29271",29271,"경기 안성시 호식이두마리치킨"
"29279",29279,"경기 안성시 홍대쌀국수"
"29320",29320,"경기 구리시 BHC치킨"
"29321",29321,"경기 구리시 KFC"
"29322",29322,"경기 구리시 T.G.I.F"
"29325",29325,"경기 구리시 가마로강정"
"29351",29351,"경기 구리시 고기한끼"
"29358",29358,"경기 구리시 고피자"
"29365",29365,"경기 구리시 광수육회"
"29371",29371,"경기 구리시 구룡반점"
"29381",29381,"경기 구리시 그램그램"
"29385",29385,"경기 구리시 금화왕돈까스"
"29389",29389,"경기 구리시 긴자료코"
"29390",29390,"경기 구리시 길동우동"
"29416",29416,"경기 구리시 노랑통닭"
"29421",29421,"경기 구리시 뉴욕야시장"
"29450",29450,"경기 구리시 도야짬뽕"
"29466",29466,"경기 구리시 동화반점"
"29471",29471,"경기 구리시 두찜"
"29473",29473,"경기 구리시 드롭탑"
"29477",29477,"경기 구리시 디초콜릿커피"
"29481",29481,"경기 구리시 떡군이네 떡볶이"
"29489",29489,"경기 구리시 라떼킹"
"29499",29499,"경기 구리시 롤링파스타"
"29511",29511,"경기 구리시 마라하오"
"29523",29523,"경기 구리시 맘스터치"
"29532",29532,"경기 구리시 메가박스"
"29540",29540,"경기 구리시 명동칼국수"
"29541",29541,"경기 구리시 명동할머니국수"
"29552",29552,"경기 구리시 무쏘"
"29556",29556,"경기 구리시 미소야"
"29615",29615,"경기 구리시 봉구스밥버거"
"29633",29633,"경기 구리시 비엔나커피하우스"
"29645",29645,"경기 구리시 삼산회관"
"29658",29658,"경기 구리시 생어거스틴"
"29667",29667,"경기 구리시 선비꼬마김밥"
"29675",29675,"경기 구리시 소담촌"
"29679",29679,"경기 구리시 손큰할매순대국"
"29684",29684,"경기 구리시 수유리우동집"
"29702",29702,"경기 구리시 식껍"
"29707",29707,"경기 구리시 신전떡볶이"
"29709",29709,"경기 구리시 신촌설렁탕"
"29710",29710,"경기 구리시 싸다김밥"
"29716",29716,"경기 구리시 씨제이프레시웨이"
"29723",29723,"경기 구리시 아오리의행방불명"
"29727",29727,"경기 구리시 아재커피"
"29731",29731,"경기 구리시 압구정 순대국"
"29732",29732,"경기 구리시 애슐리퀸즈"
"29740",29740,"경기 구리시 에그드랍"
"29742",29742,"경기 구리시 에머이"
"29753",29753,"경기 구리시 오구본가"
"29755",29755,"경기 구리시 오늘통닭"
"29764",29764,"경기 구리시 오븐마루치킨"
"29790",29790,"경기 구리시 우된장"
"29792",29792,"경기 구리시 우리반점"
"29795",29795,"경기 구리시 우이락"
"29798",29798,"경기 구리시 원조부안집"
"29803",29803,"경기 구리시 육대장"
"29832",29832,"경기 구리시 일품양평해장국"
"29849",29849,"경기 구리시 조선부뚜막"
"29852",29852,"경기 구리시 종로김밥"
"29854",29854,"경기 구리시 죠샌드위치"
"29857",29857,"경기 구리시 중앙반점"
"29868",29868,"경기 구리시 짝태패밀리"
"29876",29876,"경기 구리시 참이맛감자탕"
"29877",29877,"경기 구리시 창고43"
"29887",29887,"경기 구리시 청년치킨"
"29916",29916,"경기 구리시 커피베이"
"29942",29942,"경기 구리시 타이반쩜"
"29950",29950,"경기 구리시 태리로제떡볶이&닭강정"
"29952",29952,"경기 구리시 택이네조개전골"
"29956",29956,"경기 구리시 토리키치"
"29970",29970,"경기 구리시 파스토보이"
"29971",29971,"경기 구리시 파파이스"
"29983",29983,"경기 구리시 포아이니"
"29986",29986,"경기 구리시 포트캔커피"
"29988",29988,"경기 구리시 푸라닭"
"29989",29989,"경기 구리시 프랑킨숯불양념구이치킨"
"29999",29999,"경기 구리시 피자선생"
"30003",30003,"경기 구리시 피자알볼로"
"30014",30014,"경기 구리시 하이카오산"
"30025",30025,"경기 구리시 한신포차"
"30045",30045,"경기 구리시 호토모토"
"30051",30051,"경기 구리시 홍수계찜닭"
"30059",30059,"경기 구리시 황기순의홍두께손칼국수"
"30060",30060,"경기 구리시 회장님댁"
"30073",30073,"경기 의왕시 투뿔등심"
"30084",30084,"경기 의왕시 33떡볶이"
"30088",30088,"경기 의왕시 88로타리집"
"30092",30092,"경기 의왕시 KFC"
"30094",30094,"경기 의왕시 테이스티나인홈"
"30097",30097,"경기 의왕시 가마치통닭"
"30108",30108,"경기 의왕시 피자생각"
"30125",30125,"경기 의왕시 고메스테이크"
"30133",30133,"경기 의왕시 곱분이곱창"
"30140",30140,"경기 의왕시 구구족"
"30162",30162,"경기 의왕시 김가네"
"30165",30165,"경기 의왕시 김뿌라"
"30171",30171,"경기 의왕시 코리엔탈깻잎두마리치킨"
"30184",30184,"경기 의왕시 네네치킨"
"30205",30205,"경기 의왕시 담소소사골순대육개장"
"30217",30217,"경기 의왕시 덮밥장사장"
"30230",30230,"경기 의왕시 동궁찜닭"
"30244",30244,"경기 의왕시 드롭탑"
"30251",30251,"경기 의왕시 땅땅치킨"
"30262",30262,"경기 의왕시 라무진"
"30274",30274,"경기 의왕시 리나스"
"30292",30292,"경기 의왕시 만족오향족발"
"30307",30307,"경기 의왕시 멕시카나치킨"
"30313",30313,"경기 의왕시 명랑시대쌀핫도그"
"30319",30319,"경기 의왕시 목로주점"
"30320",30320,"경기 의왕시 몬스터포"
"30324",30324,"경기 의왕시 미니스톱"
"30329",30329,"경기 의왕시 미스터보쌈5378"
"30339",30339,"경기 의왕시 바다수퍼해물천하조개구이"
"30345",30345,"경기 의왕시 박가부대"
"30351",30351,"경기 의왕시 밥플러스"
"30369",30369,"경기 의왕시 번개반점"
"30371",30371,"경기 의왕시 범맥주"
"30378",30378,"경기 의왕시 보승회관"
"30383",30383,"경기 의왕시 본스치킨"
"30412",30412,"경기 의왕시 사이공본가"
"30415",30415,"경기 의왕시 삼백집"
"30431",30431,"경기 의왕시 샤브로22"
"30432",30432,"경기 의왕시 채선당 샤브보트"
"30444",30444,"경기 의왕시 소녀방앗간"
"30445",30445,"경기 의왕시 소노야"
"30448",30448,"경기 의왕시 소바애"
"30459",30459,"경기 의왕시 순남시래기"
"30485",30485,"경기 의왕시 써브웨이"
"30493",30493,"경기 의왕시 아사칸"
"30511",30511,"경기 의왕시 에그드랍"
"30523",30523,"경기 의왕시 옐로우피자"
"30527",30527,"경기 의왕시 오니기리와이규동"
"30530",30530,"경기 의왕시 오마뎅"
"30537",30537,"경기 의왕시 오사카우동"
"30552",30552,"경기 의왕시 완백부대찌개 삼겹살"
"30558",30558,"경기 의왕시 용궁반점"
"30577",30577,"경기 의왕시 육이구낙곱새"
"30579",30579,"경기 의왕시 육첩반상"
"30590",30590,"경기 의왕시 이삭토스트"
"30600",30600,"경기 의왕시 인쌩맥주"
"30608",30608,"경기 의왕시 장독대"
"30626",30626,"경기 의왕시 죠스떡볶이"
"30632",30632,"경기 의왕시 지지고"
"30658",30658,"경기 의왕시 청년치킨"
"30662",30662,"경기 의왕시 청춘닭꼬치"
"30671",30671,"경기 의왕시 치치"
"30678",30678,"경기 의왕시 칙바이칙"
"30686",30686,"경기 의왕시 커피니"
"30689",30689,"경기 의왕시 커피스미스"
"30710",30710,"경기 의왕시 킹부대찌개"
"30711",30711,"경기 의왕시 킹콩떡볶이"
"30747",30747,"경기 의왕시 펀비어킹"
"30750",30750,"경기 의왕시 포메인"
"30782",30782,"경기 의왕시 하남돼지집"
"30805",30805,"경기 의왕시 해피스푼"
"30811",30811,"경기 의왕시 호랑이초밥"
"30856",30856,"경기 포천시 60계 치킨"
"30866",30866,"경기 포천시 가나점보돈까스"
"30881",30881,"경기 포천시 걸작떡볶이치킨"
"30890",30890,"경기 포천시 계절밥상"
"30891",30891,"경기 포천시 고기극찬"
"30904",30904,"경기 포천시 곱분이곱창"
"30920",30920,"경기 포천시 군자대한곱창"
"30942",30942,"경기 포천시 코리엔탈깻잎두마리치킨"
"30971",30971,"경기 포천시 달링스테이크"
"30982",30982,"경기 포천시 대한냉면"
"30985",30985,"경기 포천시 더치앤빈 수육국밥"
"30997",30997,"경기 포천시 돈카츠마켈"
"31000",31000,"경기 포천시 동경규동"
"31002",31002,"경기 포천시 동근이숯불두마리치킨"
"31010",31010,"경기 포천시 두끼"
"31013",31013,"경기 포천시 두찜"
"31019",31019,"경기 포천시 디초콜릿커피"
"31041",31041,"경기 포천시 롤링파스타"
"31064",31064,"경기 포천시 말뚝곱창"
"31074",31074,"경기 포천시 메가박스"
"31078",31078,"경기 포천시 멕시카나치킨"
"31085",31085,"경기 포천시 명륜진사갈비"
"31091",31091,"경기 포천시 몬스터포"
"31097",31097,"경기 포천시 미분당"
"31104",31104,"경기 포천시 미아리우동집"
"31117",31117,"경기 포천시 반올림피자"
"31137",31137,"경기 포천시 버거앤프라이즈"
"31141",31141,"경기 포천시 벌떡"
"31143",31143,"경기 포천시 베키아에누보"
"31146",31146,"경기 포천시 보돌미역"
"31151",31151,"경기 포천시 본도시락"
"31159",31159,"경기 포천시 봉추찜닭"
"31161",31161,"경기 포천시 부산아지매국밥"
"31166",31166,"경기 포천시 북촌손만두"
"31172",31172,"경기 포천시 블랙스미스"
"31177",31177,"경기 포천시 빌리엔젤"
"31178",31178,"경기 포천시 빕스"
"31180",31180,"경기 포천시 빽보이피자"
"31182",31182,"경기 포천시 사위식당"
"31199",31199,"경기 포천시 생생돈까스"
"31214",31214,"경기 포천시 소공동뚝배기집"
"31224",31224,"경기 포천시 숑숑돈까스"
"31230",31230,"경기 포천시 순남시래기"
"31233",31233,"경기 포천시 순수치킨"
"31234",31234,"경기 포천시 쉐이크쉑"
"31237",31237,"경기 포천시 스시마이우"
"31247",31247,"경기 포천시 신선설농탕"
"31251",31251,"경기 포천시 신촌설렁탕"
"31260",31260,"경기 포천시 아라치"
"31262",31262,"경기 포천시 아비꼬"
"31273",31273,"경기 포천시 압구정 순대국"
"31286",31286,"경기 포천시 엔제리너스"
"31309",31309,"경기 포천시 오술차"
"31314",31314,"경기 포천시 온가솥밥"
"31322",31322,"경기 포천시 완미족발"
"31326",31326,"경기 포천시 요거프레소"
"31327",31327,"경기 포천시 요녀석"
"31344",31344,"경기 포천시 유미카츠"
"31345",31345,"경기 포천시 육대장"
"31349",31349,"경기 포천시 육전국밥"
"31359",31359,"경기 포천시 이디야커피"
"31381",31381,"경기 포천시 저스트텐동"
"31404",31404,"경기 포천시 지코바치킨"
"31433",31433,"경기 포천시 청춘닭꼬치"
"31439",31439,"경기 포천시 춘리마라탕"
"31449",31449,"경기 포천시 칙바이칙"
"31473",31473,"경기 포천시 큐큐면관"
"31507",31507,"경기 포천시 티바두마리치킨"
"31511",31511,"경기 포천시 파스타집이야"
"31520",31520,"경기 포천시 평화반점"
"31537",31537,"경기 포천시 피슈마라홍탕"
"31540",31540,"경기 포천시 피자먹다"
"31544",31544,"경기 포천시 피자스톰"
"31563",31563,"경기 포천시 한사리감자탕&뼈구이"
"31593",31593,"경기 포천시 홍수계찜닭"
"31623",31623,"경기 여주시 키친엑스"
"31625",31625,"경기 여주시 101번지 남산돈까스"
"31634",31634,"경기 여주시 KFC"
"31638",31638,"경기 여주시 가마로강정"
"31641",31641,"경기 여주시 가츠몽"
"31642",31642,"경기 여주시 감성커피"
"31649",31649,"경기 여주시 강순자옛맛김치찌개"
"31655",31655,"경기 여주시 경성주막1929"
"31673",31673,"경기 여주시 곤트란쉐리에"
"31692",31692,"경기 여주시 굽네치킨"
"31722",31722,"경기 여주시 남오토코"
"31729",31729,"경기 여주시 노랑통닭"
"31733",31733,"경기 여주시 누구나홀딱반한닭"
"31753",31753,"경기 여주시 대한냉면"
"31767",31767,"경기 여주시 돈카춘"
"31791",31791,"경기 여주시 딜리버리킹"
"31794",31794,"경기 여주시 떡군이네 떡볶이"
"31814",31814,"경기 여주시 르번미"
"31817",31817,"경기 여주시 리얼파스타"
"31845",31845,"경기 여주시 메가박스"
"31862",31862,"경기 여주시 몬스터포"
"31864",31864,"경기 여주시 무모한초밥"
"31868",31868,"경기 여주시 미분당"
"31884",31884,"경기 여주시 바스버거"
"31901",31901,"경기 여주시 백스비어"
"31909",31909,"경기 여주시 버거킹"
"31914",31914,"경기 여주시 베키아에누보"
"31929",31929,"경기 여주시 봉명동내커피"
"31938",31938,"경기 여주시 불고기브라더스"
"31942",31942,"경기 여주시 브롱스"
"31958",31958,"경기 여주시 삼산회관"
"31974",31974,"경기 여주시 채선당 샤브보트"
"31984",31984,"경기 여주시 세븐일레븐"
"31986",31986,"경기 여주시 소녀방앗간"
"31997",31997,"경기 여주시 수유리우동집"
"32029",32029,"경기 여주시 씨제이프레시웨이"
"32037",32037,"경기 여주시 아우어베이커리"
"32043",32043,"경기 여주시 알콩다방"
"32044",32044,"경기 여주시 압구정 순대국"
"32058",32058,"경기 여주시 엠브로돈까스"
"32061",32061,"경기 여주시 역전할머니맥주"
"32063",32063,"경기 여주시 영동족발"
"32074",32074,"경기 여주시 오복수산"
"32093",32093,"경기 여주시 완미족발"
"32098",32098,"경기 여주시 요녀석"
"32148",32148,"경기 여주시 자마버거"
"32152",32152,"경기 여주시 저스트텐동"
"32155",32155,"경기 여주시 정육점식당"
"32156",32156,"경기 여주시 제레미21"
"32163",32163,"경기 여주시 족발야시장"
"32172",32172,"경기 여주시 쥬씨"
"32173",32173,"경기 여주시 지랄닭발"
"32174",32174,"경기 여주시 지지고"
"32177",32177,"경기 여주시 직화한상"
"32183",32183,"경기 여주시 쭈대가제육대가"
"32187",32187,"경기 여주시 찬란한아구"
"32195",32195,"경기 여주시 철길부산집"
"32208",32208,"경기 여주시 최고당돈가스"
"32210",32210,"경기 여주시 춘리마라탕"
"32242",32242,"경기 여주시 쿠우쿠우"
"32279",32279,"경기 여주시 파란만잔"
"32282",32282,"경기 여주시 파스타집이야"
"32287",32287,"경기 여주시 팔공티"
"32305",32305,"경기 여주시 프레퍼스 다이어트 푸드"
"32309",32309,"경기 여주시 피자나라치킨공주"
"32314",32314,"경기 여주시 피자스쿨"
"32315",32315,"경기 여주시 피자스톰"
"32323",32323,"경기 여주시 피제이피자"
"32344",32344,"경기 여주시 할매순대국"
"32349",32349,"경기 여주시 행복은간장밥"
"32350",32350,"경기 여주시 현대반점"
"32352",32352,"경기 여주시 형제반점"
"32358",32358,"경기 여주시 호토모토"
"32372",32372,"경기 여주시 황기순의홍두께손칼국수"
"32376",32376,"경기 여주시 후라토식당"
"32387",32387,"경기 동두천시 스폰티니"
"32397",32397,"경기 동두천시 33떡볶이"
"32451",32451,"경기 동두천시 교동전선생"
"32452",32452,"경기 동두천시 교촌치킨"
"32453",32453,"경기 동두천시 구구족"
"32459",32459,"경기 동두천시 국수나무"
"32463",32463,"경기 동두천시 굽네치킨"
"32467",32467,"경기 동두천시 금별맥주"
"32493",32493,"경기 동두천시 남오토코"
"32495",32495,"경기 동두천시 내가찜한닭"
"32502",32502,"경기 동두천시 놀부보쌈&부대찌개"
"32510",32510,"경기 동두천시 단골손님"
"32520",32520,"경기 동두천시 대동집"
"32522",32522,"경기 동두천시 대성반점"
"32528",32528,"경기 동두천시 던킨"
"32530",32530,"경기 동두천시 덮밥장사장"
"32536",32536,"경기 동두천시 돈까스회관"
"32547",32547,"경기 동두천시 동아반점"
"32560",32560,"경기 동두천시 디저트40"
"32564",32564,"경기 동두천시 땅땅치킨"
"32571",32571,"경기 동두천시 라공방"
"32596",32596,"경기 동두천시 마라홀릭 마라탕"
"32608",32608,"경기 동두천시 맘스피자"
"32610",32610,"경기 동두천시 맛닭꼬"
"32618",32618,"경기 동두천시 메이크어딜리버리"
"32627",32627,"경기 동두천시 명륜진사갈비"
"32629",32629,"경기 동두천시 명품키친"
"32636",32636,"경기 동두천시 무쏘"
"32644",32644,"경기 동두천시 미스터빠삭"
"32645",32645,"경기 동두천시 미스터피자"
"32655",32655,"경기 동두천시 바스버거"
"32661",32661,"경기 동두천시 반포식스"
"32666",32666,"경기 동두천시 배달삼겹돼지되지"
"32669",32669,"경기 동두천시 배떡"
"32672",32672,"경기 동두천시 백스비어"
"32673",32673,"경기 동두천시 백억커피"
"32675",32675,"경기 동두천시 백채김치찌개"
"32677",32677,"경기 동두천시 버거리"
"32687",32687,"경기 동두천시 보나베띠"
"32688",32688,"경기 동두천시 보돌미역"
"32697",32697,"경기 동두천시 본죽&비빔밥café"
"32700",32700,"경기 동두천시 봉명동내커피"
"32717",32717,"경기 동두천시 비엔나커피하우스"
"32727",32727,"경기 동두천시 산쪼메"
"32748",32748,"경기 동두천시 서가앤쿡"
"32752",32752,"경기 동두천시 설맥"
"32786",32786,"경기 동두천시 식껍"
"32796",32796,"경기 동두천시 쌀똑핫도그"
"32799",32799,"경기 동두천시 썬더치킨"
"32800",32800,"경기 동두천시 씨제이프레시웨이"
"32805",32805,"경기 동두천시 아빠곰탕"
"32813",32813,"경기 동두천시 알촌"
"32816",32816,"경기 동두천시 애슐리퀸즈"
"32823",32823,"경기 동두천시 엉터리생고기"
"32829",32829,"경기 동두천시 엠브로돈까스"
"32830",32830,"경기 동두천시 여우애 김밥"
"32833",32833,"경기 동두천시 연안식당"
"32834",32834,"경기 동두천시 영동족발"
"32838",32838,"경기 동두천시 오늘와인한잔"
"32865",32865,"경기 동두천시 완백부대찌개 삼겹살"
"32876",32876,"경기 동두천시 우리반점"
"32879",32879,"경기 동두천시 우이락"
"32913",32913,"경기 동두천시 인쌩맥주"
"32921",32921,"경기 동두천시 장독대"
"32962",32962,"경기 동두천시 채선당"
"32968",32968,"경기 동두천시 청년고기장수"
"32975",32975,"경기 동두천시 청춘닭꼬치"
"32978",32978,"경기 동두천시 초장집"
"32989",32989,"경기 동두천시 치킨선생"
"32991",32991,"경기 동두천시 칙바이칙"
"32995",32995,"경기 동두천시 카페베네"
"33007",33007,"경기 동두천시 KMGM"
"33015",33015,"경기 동두천시 큐큐면관"
"33020",33020,"경기 동두천시 크리스피프레시"
"33024",33024,"경기 동두천시 킹콩떡볶이"
"33034",33034,"경기 동두천시 태리로제떡볶이&닭강정"
"33043",33043,"경기 동두천시 통파이브"
"33048",33048,"경기 동두천시 틈새라면"
"33058",33058,"경기 동두천시 팔공티"
"33061",33061,"경기 동두천시 페리카나"
"33069",33069,"경기 동두천시 Poke all day 포케&샐러드"
"33074",33074,"경기 동두천시 프랭크버거"
"33092",33092,"경기 동두천시 피자헛"
"33107",33107,"경기 동두천시 한식밥상"
"33125",33125,"경기 동두천시 호시타코야끼"
"33128",33128,"경기 동두천시 호치킨"
"33129",33129,"경기 동두천시 호토모토"
"33143",33143,"경기 동두천시 황기순의홍두께손칼국수"
"33145",33145,"경기 동두천시 효자동설렁탕"
"33146",33146,"경기 동두천시 후라이드참잘하는집"
"33155",33155,"경기 과천시 닥터로빈"
"33159",33159,"경기 과천시 오므토토마토"
"33169",33169,"경기 과천시 60계 치킨"
"33177",33177,"경기 과천시 T.G.I.F"
"33188",33188,"경기 과천시 강남면옥"
"33197",33197,"경기 과천시 경성주막1929"
"33198",33198,"경기 과천시 경아식당"
"33200",33200,"경기 과천시 계경순대국"
"33207",33207,"경기 과천시 고돼지"
"33209",33209,"경기 과천시 고메스테이크"
"33223",33223,"경기 과천시 교촌치킨"
"33230",33230,"경기 과천시 국수나무"
"33233",33233,"경기 과천시 군자대한곱창"
"33241",33241,"경기 과천시 기대만족"
"33263",33263,"경기 과천시 남영동양문"
"33273",33273,"경기 과천시 놀부보쌈&부대찌개"
"33293",33293,"경기 과천시 대성반점"
"33298",33298,"경기 과천시 더치앤빈 수육국밥"
"33301",33301,"경기 과천시 덮밥장사장"
"33303",33303,"경기 과천시 도로시파스타"
"33307",33307,"경기 과천시 돈까스회관"
"33312",33312,"경기 과천시 돌우물"
"33321",33321,"경기 과천시 동화반점"
"33359",33359,"경기 과천시 리얼파스타"
"33381",33381,"경기 과천시 맛닭꼬"
"33394",33394,"경기 과천시 명가통닭"
"33396",33396,"경기 과천시 명동할머니국수"
"33397",33397,"경기 과천시 명랑시대쌀핫도그"
"33406",33406,"경기 과천시 무모한초밥"
"33419",33419,"경기 과천시 미카도스시"
"33435",33435,"경기 과천시 밥플러스"
"33451",33451,"경기 과천시 버거킹"
"33463",33463,"경기 과천시 본가"
"33467",33467,"경기 과천시 본스치킨"
"33495",33495,"경기 과천시 사위식당"
"33514",33514,"경기 과천시 생활맥주"
"33548",33548,"경기 과천시 슈퍼커피"
"33549",33549,"경기 과천시 스노우폭스"
"33576",33576,"경기 과천시 아빠곰탕"
"33583",33583,"경기 과천시 안주백화점"
"33586",33586,"경기 과천시 압구정 순대국"
"33587",33587,"경기 과천시 애슐리퀸즈"
"33603",33603,"경기 과천시 역전할머니맥주"
"33609",33609,"경기 과천시 오늘와인한잔"
"33610",33610,"경기 과천시 오늘통닭"
"33637",33637,"경기 과천시 완산골명가"
"33650",33650,"경기 과천시 우이락"
"33669",33669,"경기 과천시 응급실국물떡볶이"
"33680",33680,"경기 과천시 인생극장쪽갈비"
"33692",33692,"경기 과천시 장독대"
"33715",33715,"경기 과천시 지랄닭발"
"33718",33718,"경기 과천시 지호한방삼계탕"
"33732",33732,"경기 과천시 창고43"
"33748",33748,"경기 과천시 초이다이닝"
"33751",33751,"경기 과천시 최배달떡순튀"
"33760",33760,"경기 과천시 치킨선생"
"33775",33775,"경기 과천시 커피인류"
"33778",33778,"경기 과천시 KMGM"
"33780",33780,"경기 과천시 코코이찌방야"
"33782",33782,"경기 과천시 콩심"
"33790",33790,"경기 과천시 크리스탈제이드"
"33794",33794,"경기 과천시 킹부대찌개"
"33820",33820,"경기 과천시 티바두마리치킨"
"33826",33826,"경기 과천시 파파이스"
"33829",33829,"경기 과천시 팔공티"
"33838",33838,"경기 과천시 포아이니"
"33839",33839,"경기 과천시 포차천국"
"33845",33845,"경기 과천시 프랭크버거"
"33866",33866,"경기 과천시 하남돼지집"
"33870",33870,"경기 과천시 하코야"
"33902",33902,"경기 과천시 호화반점"
"33920",33920,"경기 과천시 훅트포케"
"33942",33942,"경기 양평군 7번가피자"
"33947",33947,"경기 양평군 KFC"
"33954",33954,"경기 양평군 가츠몽"
"33956",33956,"경기 양평군 감탄떡볶이"
"33965",33965,"경기 양평군 걸작떡볶이치킨"
"33969",33969,"경기 양평군 경아식당"
"33981",33981,"경기 양평군 고반식당"
"33989",33989,"경기 양평군 곱창이야기"
"34018",34018,"경기 양평군 김밥천국"
"34019",34019,"경기 양평군 김복남맥주"
"34056",34056,"경기 양평군 달콤 왕가 탕후루"
"34063",34063,"경기 양평군 대림국수"
"34068",34068,"경기 양평군 더진국 수육국밥"
"34069",34069,"경기 양평군 더치앤빈 수육국밥"
"34071",34071,"경기 양평군 덮다"
"34072",34072,"경기 양평군 덮밥장사장"
"34073",34073,"경기 양평군 델리커리"
"34077",34077,"경기 양평군 돈까스짱"
"34081",34081,"경기 양평군 돈카츠마켈"
"34095",34095,"경기 양평군 두마리찜닭 두찜"
"34122",34122,"경기 양평군 라화쿵부"
"34127",34127,"경기 양평군 르번미"
"34132",34132,"경기 양평군 리춘시장"
"34152",34152,"경기 양평군 맛닭꼬"
"34153",34153,"경기 양평군 매머드익스프레스"
"34172",34172,"경기 양평군 모랑해물솥밥"
"34173",34173,"경기 양평군 모스버거"
"34174",34174,"경기 양평군 목로주점"
"34182",34182,"경기 양평군 미소야"
"34183",34183,"경기 양평군 미스사이공"
"34185",34185,"경기 양평군 미스터보쌈5379"
"34186",34186,"경기 양평군 미스터빠삭"
"34193",34193,"경기 양평군 바나프레소"
"34197",34197,"경기 양평군 바스버거"
"34201",34201,"경기 양평군 반올림피자"
"34204",34204,"경기 양평군 발재반점"
"34218",34218,"경기 양평군 뱃살도둑"
"34222",34222,"경기 양평군 버거킹"
"34234",34234,"경기 양평군 본가"
"34244",34244,"경기 양평군 부라더키친"
"34245",34245,"경기 양평군 부산아지매국밥"
"34248",34248,"경기 양평군 북경반점"
"34274",34274,"경기 양평군 삼형제김밥"
"34281",34281,"경기 양평군 샐러디"
"34303",34303,"경기 양평군 소바애"
"34307",34307,"경기 양평군 송추가마골 인어반"
"34318",34318,"경기 양평군 쉐이크쉑"
"34321",34321,"경기 양평군 스시마이우"
"34337",34337,"경기 양평군 싸움의고수"
"34341",34341,"경기 양평군 썬더치킨"
"34345",34345,"경기 양평군 아마스빈"
"34364",34364,"경기 양평군 얼맥당"
"34392",34392,"경기 양평군 오사카우동"
"34402",34402,"경기 양평군 올스타피자"
"34414",34414,"경기 양평군 용용선생"
"34415",34415,"경기 양평군 용호동낙지"
"34421",34421,"경기 양평군 우이락"
"34425",34425,"경기 양평군 원할머니보쌈족발"
"34437",34437,"경기 양평군 윤이불닭발"
"34442",34442,"경기 양평군 이남장"
"34462",34462,"경기 양평군 자연별곡"
"34467",34467,"경기 양평군 정돈"
"34490",34490,"경기 양평군 직화한상"
"34530",34530,"경기 양평군 치킨매니아"
"34535",34535,"경기 양평군 카모메"
"34537",34537,"경기 양평군 카페베네"
"34538",34538,"경기 양평군 카페보니또"
"34540",34540,"경기 양평군 커스텀커피"
"34542",34542,"경기 양평군 커피베이"
"34549",34549,"경기 양평군 KMGM"
"34551",34551,"경기 양평군 코코이찌방야"
"34580",34580,"경기 양평군 테트리스찜닭"
"34610",34610,"경기 양평군 포차천국"
"34618",34618,"경기 양평군 프레퍼스 다이어트 푸드"
"34619",34619,"경기 양평군 플라잉볼"
"34623",34623,"경기 양평군 피자마루"
"34645",34645,"경기 양평군 한국수"
"34654",34654,"경기 양평군 한우리"
"34665",34665,"경기 양평군 형제반점"
"34673",34673,"경기 양평군 호화반점"
"34681",34681,"경기 양평군 홍콩반점0411"
"34694",34694,"경기 양평군 히노아지"
"34700",34700,"경기 가평군 스폰티니"
"34706",34706,"경기 가평군 커핀그루나루"
"34708",34708,"경기 가평군 파리크라상"
"34710",34710,"경기 가평군 33떡볶이"
"34718",34718,"경기 가평군 KFC"
"34720",34720,"경기 가평군 테이스티나인홈"
"34753",34753,"경기 가평군 고봉민김밥인"
"34755",34755,"경기 가평군 고피자"
"34756",34756,"경기 가평군 고향반점"
"34768",34768,"경기 가평군 구룡반점"
"34778",34778,"경기 가평군 그램그램"
"34783",34783,"경기 가평군 기대만족"
"34788",34788,"경기 가평군 김가네"
"34793",34793,"경기 가평군 김선생 불닭발"
"34799",34799,"경기 가평군 나누다키친"
"34809",34809,"경기 가평군 냠냠족발&보쌈"
"34815",34815,"경기 가평군 놀부보쌈&부대찌개"
"34825",34825,"경기 가평군 달래해장"
"34832",34832,"경기 가평군 대독장"
"34846",34846,"경기 가평군 도미노피자"
"34852",34852,"경기 가평군 돈카츠마켈"
"34856",34856,"경기 가평군 동궁찜닭"
"34867",34867,"경기 가평군 두성전주콩나물국밥"
"34885",34885,"경기 가평군 라그릴리아"
"34910",34910,"경기 가평군 마루샤브"
"34913",34913,"경기 가평군 마왕족발"
"34916",34916,"경기 가평군 만랩커피"
"34930",34930,"경기 가평군 메가MGC커피"
"34951",34951,"경기 가평군 미라클푸드"
"34958",34958,"경기 가평군 미스터피자"
"34960",34960,"경기 가평군 미친피자"
"34969",34969,"경기 가평군 바우네나주곰탕"
"34972",34972,"경기 가평군 반올림피자"
"34991",34991,"경기 가평군 버거비"
"35004",35004,"경기 가평군 보승회관"
"35030",35030,"경기 가평군 비엔나커피하우스"
"35031",35031,"경기 가평군 빅스타피자"
"35035",35035,"경기 가평군 빽보이피자"
"35067",35067,"경기 가평군 세광양대창"
"35070",35070,"경기 가평군 소녀방앗간"
"35073",35073,"경기 가평군 소림마라"
"35077",35077,"경기 가평군 솥솥"
"35089",35089,"경기 가평군 쉐이크쉑"
"35095",35095,"경기 가평군 스쿨스토어"
"35096",35096,"경기 가평군 스테이크어스"
"35105",35105,"경기 가평군 신참떡볶이"
"35132",35132,"경기 가평군 양계장집아들"
"35148",35148,"경기 가평군 영화반점"
"35150",35150,"경기 가평군 오구본가"
"35159",35159,"경기 가평군 오봉도시락"
"35175",35175,"경기 가평군 와이디푸드"
"35180",35180,"경기 가평군 왕손피자"
"35183",35183,"경기 가평군 용구비어"
"35194",35194,"경기 가평군 원조감자탕"
"35195",35195,"경기 가평군 원조부안집"
"35202",35202,"경기 가평군 육쌈냉면"
"35224",35224,"경기 가평군 인생설렁탕"
"35227",35227,"경기 가평군 일만족발"
"35230",35230,"경기 가평군 잇티"
"35260",35260,"경기 가평군 지호한방삼계탕"
"35262",35262,"경기 가평군 진땡이"
"35267",35267,"경기 가평군 쭈대가제육대가"
"35277",35277,"경기 가평군 처갓집양념치킨"
"35286",35286,"경기 가평군 청담동마녀김밥"
"35302",35302,"경기 가평군 치킨선생"
"35315",35315,"경기 가평군 커피스미스"
"35325",35325,"경기 가평군 콩카페"
"35328",35328,"경기 가평군 큐큐면관"
"35331",35331,"경기 가평군 크로플덕 오리아가씨"
"35344",35344,"경기 가평군 탐라포차"
"35346",35346,"경기 가평군 탕화쿵푸마라탕"
"35354",35354,"경기 가평군 토마토김밥"
"35375",35375,"경기 가평군 평화반점"
"35382",35382,"경기 가평군 Poke all day 포케&샐러드"
"35389",35389,"경기 가평군 프레퍼스 다이어트 푸드"
"35391",35391,"경기 가평군 플러스82"
"35393",35393,"경기 가평군 피자나라치킨공주"
"35400",35400,"경기 가평군 피자알볼로"
"35405",35405,"경기 가평군 피자헛"
"35425",35425,"경기 가평군 한우리"
"35443",35443,"경기 가평군 호호반점"
"35449",35449,"경기 가평군 홍짜장"
"35457",35457,"경기 가평군 회장님댁"
"35476",35476,"경기 연천군 커피빈"
"35490",35490,"경기 연천군 T.G.I.F"
"35492",35492,"경기 연천군 가나점보돈까스"
"35493",35493,"경기 연천군 가마로강정"
"35503",35503,"경기 연천군 강릉엄지네꼬막집"
"35508",35508,"경기 연천군 경성밥상"
"35509",35509,"경기 연천군 경성술집"
"35520",35520,"경기 연천군 고돼지"
"35527",35527,"경기 연천군 고향반점"
"35534",35534,"경기 연천군 교대이층집"
"35551",35551,"경기 연천군 금별맥주"
"35569",35569,"경기 연천군 꼬지사께"
"35573",35573,"경기 연천군 남다른감자탕"
"35585",35585,"경기 연천군 노모어피자"
"35613",35613,"경기 연천군 덮다"
"35614",35614,"경기 연천군 덮밥장사장"
"35615",35615,"경기 연천군 델리커리"
"35616",35616,"경기 연천군 도로시파스타"
"35637",35637,"경기 연천군 두마리찜닭 두찜"
"35641",35641,"경기 연천군 드롭탑"
"35653",35653,"경기 연천군 뚱스밥버거"
"35659",35659,"경기 연천군 라무진"
"35662",35662,"경기 연천군 라와마라탕"
"35682",35682,"경기 연천군 마마된장"
"35685",35685,"경기 연천군 마이쥬스"
"35689",35689,"경기 연천군 만족오향족발"
"35714",35714,"경기 연천군 모랑해물솥밥"
"35718",35718,"경기 연천군 무국적식탁"
"35720",35720,"경기 연천군 무쏘"
"35755",35755,"경기 연천군 백순대본가새맛"
"35762",35762,"경기 연천군 버거비"
"35767",35767,"경기 연천군 벌떡"
"35783",35783,"경기 연천군 봉구스밥버거"
"35789",35789,"경기 연천군 부엉이돈가스"
"35797",35797,"경기 연천군 브롱스"
"35814",35814,"경기 연천군 삼첩분식"
"35815",35815,"경기 연천군 삼청당"
"35817",35817,"경기 연천군 상상오리"
"35818",35818,"경기 연천군 상해반점"
"35824",35824,"경기 연천군 샐러리아"
"35855",35855,"경기 연천군 숙성회136"
"35859",35859,"경기 연천군 순수치킨"
"35867",35867,"경기 연천군 스테이크어스"
"35875",35875,"경기 연천군 신전떡볶이"
"35884",35884,"경기 연천군 씨제이프레시웨이"
"35885",35885,"경기 연천군 아딸"
"35887",35887,"경기 연천군 아마스빈"
"35889",35889,"경기 연천군 아빠곰탕"
"35890",35890,"경기 연천군 아사칸"
"35891",35891,"경기 연천군 아오리의행방불명"
"35894",35894,"경기 연천군 아이스걸크림보이"
"35905",35905,"경기 연천군 어사출또"
"35926",35926,"경기 연천군 오로지라멘"
"35953",35953,"경기 연천군 요녀석"
"35956",35956,"경기 연천군 용용선생"
"35975",35975,"경기 연천군 육전국밥"
"35976",35976,"경기 연천군 육첩반상"
"35980",35980,"경기 연천군 은행골"
"36008",36008,"경기 연천군 점심시간"
"36021",36021,"경기 연천군 종점식당"
"36028",36028,"경기 연천군 지랄닭발"
"36047",36047,"경기 연천군 채육식당"
"36055",36055,"경기 연천군 청년치킨"
"36068",36068,"경기 연천군 치치"
"36088",36088,"경기 연천군 커피인류"
"36089",36089,"경기 연천군 컬투치킨"
"36095",36095,"경기 연천군 콩심"
"36100",36100,"경기 연천군 크라운호프"
"36116",36116,"경기 연천군 탐앤탐스"
"36118",36118,"경기 연천군 태리로제떡볶이&닭강정"
"36129",36129,"경기 연천군 투다리"
"36141",36141,"경기 연천군 팔각도"
"36142",36142,"경기 연천군 팔공티"
"36150",36150,"경기 연천군 포보스"
"36153",36153,"경기 연천군 Poke all day 포케&샐러드"
"36168",36168,"경기 연천군 피자스웨그"
"36170",36170,"경기 연천군 피자스톰"
"36171",36171,"경기 연천군 피자알볼로"
"36188",36188,"경기 연천군 한남동그집"
"36191",36191,"경기 연천군 한식밥상"
"36210",36210,"경기 연천군 호식이두마리치킨"
"36212",36212,"경기 연천군 호치킨"
"36222",36222,"경기 연천군 홍콩반점0410"
"36227",36227,"경기 연천군 황기순의홍두께손칼국수"
"36231",36231,"경기 연천군 후라토식당"
"36236",36236,"경기 연천군 히노아지"
